Date,Temperature,precipitation (mm),Humidity (%),Pressure (hPa),Condition,Wind Speed (m/s)
2022-01-01,-4.3,,46.3,1019.8,clear,1.5
2022-01-02,-1.3,0.3,57.9,1015.7,snow,2.3
2022-01-03,-1.9,0.1,58.3,1015.3,snow,1.8
2022-01-04,-2.5,0.1,51.8,1017.3,snow,2.4
2022-01-05,-2.8,,47.6,1016.9,clouds,1.7
2022-01-06,-2.2,,47.1,1018,clear,2.3
2022-01-07,-1.6,,47.1,1018.8,clear,1.5
2022-01-08,0.3,0.1,64.3,1013.5,snow,1.7
2022-01-09,1.3,,71.5,1011.7,clouds,1.7
2022-01-10,0.5,0.9,68.3,1009.7,snow,2
2022-01-11,-7.4,0.2,55.5,1010.1,snow,4
2022-01-12,-7.7,,47.8,1012,clouds,2.4
2022-01-13,-6.4,,45.8,1011.1,clear,3.3
2022-01-14,-4.8,,41.8,1014.8,clouds,1.7
2022-01-15,-1,0.1,48.3,1011.9,snow,1.9
2022-01-16,-2,0.1,54.5,1014.2,snow,3.3
2022-01-17,-5.8,0.5,59.9,1016.5,snow,2.2
2022-01-18,-5.6,,47.9,1017.6,clear,2.3
2022-01-19,-5.3,1.7,72.3,1013.9,snow,2.1
2022-01-20,-5,,63.5,1018.1,clear,1.8
2022-01-21,-2.7,,55.6,1019.3,clear,1.8
2022-01-22,0.3,,52.4,1015.4,clouds,1.7
2022-01-23,2,,52.4,1011.5,clouds,1.7
2022-01-24,4.6,,56,1011,clouds,3.5
2022-01-25,2.8,0.7,80,1010.2,rain,2.3
2022-01-26,1.3,,62.8,1013.7,clear,2.2
2022-01-27,-1.1,,50,1014.2,clear,2.1
2022-01-28,-2.7,,51.6,1014.1,clear,2.8
2022-01-29,-3.6,,48.9,1011.5,clear,2.4
2022-01-30,-2.8,,45.4,1011.5,clear,2.2
2022-01-31,-0.7,1.2,59,1012.9,snow,1.9
2022-02-01,-1.3,1.7,76.6,1014.2,snow,2.6
2022-02-02,-3.4,,60.5,1017.4,clouds,2.4
2022-02-03,-3.4,,52.4,1016.3,clear,2.4
2022-02-04,-5.2,0.1,53.3,1014.2,snow,3.1
2022-02-05,-6.6,,48.8,1015.4,clear,3.1
2022-02-06,-3.9,,50.3,1016.9,clear,2.5
2022-02-07,-2.5,,51.3,1017.5,clouds,1.8
2022-02-08,-0.1,,53.8,1016.6,clear,1.9
2022-02-09,1,,52.3,1014.7,clouds,1.8
2022-02-10,1.4,,57.8,1012.5,clear,2.3
2022-02-11,2.9,,61.1,1015.5,clouds,1.8
2022-02-12,4.8,,50.4,1014,clouds,1.7
2022-02-13,4.8,,44.9,1011.3,clouds,1.8
2022-02-14,2.5,1.7,68.3,1009.5,rain,2.9
2022-02-15,-4.7,0.1,58,1011.1,snow,3.8
2022-02-16,-7.3,0.1,50.4,1012.9,snow,3.7
2022-02-17,-6.2,,41.6,1017.5,clear,2.5
2022-02-18,-1.2,,40.4,1018.8,clouds,2
2022-02-19,-1.7,0.1,52.9,1013,snow,2.9
2022-02-20,-4.8,,41.1,1015.5,clear,4.1
2022-02-21,-3,0.1,56.3,1016.9,snow,2.9
2022-02-22,-4.5,,43.3,1021,clear,3.2
2022-02-23,-5.6,,38.5,1021.9,clear,2.6
2022-02-24,-2.4,,52.4,1019.6,clear,2.2
2022-02-25,3,,77.5,1015.6,clouds,2.3
2022-02-26,5.4,1.1,78.4,1006.9,rain,3.9
2022-02-27,3.7,,56.6,1010.9,clear,2.8
2022-02-28,6.8,,62.3,1009.9,clouds,1.5
2022-03-01,5.8,2.3,70.5,1004.2,rain,2.3
2022-03-02,3.5,,55.9,1007,clear,2.7
2022-03-03,5.8,,52.9,1007.1,clear,2.1
2022-03-04,6.9,,60.5,1001,clouds,3.6
2022-03-05,2.3,,38.4,1005.2,clear,4.3
2022-03-06,1.4,,39.5,1011,clouds,2.6
2022-03-07,2.8,,45.8,1010,clouds,2
2022-03-08,6,,56.1,1008.6,clear,2
2022-03-09,7.1,,69.6,1011.2,clear,1.9
2022-03-10,9.3,,51.4,1010.1,clouds,2.1
2022-03-11,11.2,,58.4,1007.8,clouds,1.9
2022-03-12,12.8,2.6,72.1,1004.4,rain,2.7
2022-03-13,11.7,42.1,95.5,1000.6,rain,1.9
2022-03-14,8.2,8.7,90.3,1001,rain,3.2
2022-03-15,7.2,,72.6,1003.7,clouds,2
2022-03-16,10.3,,62.6,1006.2,clouds,2.1
2022-03-17,10.7,1.2,62,1008.5,rain,2.7
2022-03-18,7.5,0.1,60.8,1000.8,rain,4.4
2022-03-19,3.4,14.6,84.6,998.9,snow,3
2022-03-20,5.4,0.1,66.1,1008.2,rain,2.6
2022-03-21,5,,49.5,1013.3,clouds,2.4
2022-03-22,7.1,,48.9,1011.4,clouds,2.2
2022-03-23,6.2,,56.8,1007.5,clouds,2.3
2022-03-24,8.2,,70.6,1009.1,clouds,1.8
2022-03-25,12,10.9,70,1004.5,rain,2.6
2022-03-26,11.8,19.8,80.9,992.1,rain,2.9
2022-03-27,8.1,,49.1,1005.6,clear,3
2022-03-28,8.2,,35.6,1015.2,clear,2.1
2022-03-29,9.7,,52.9,1013.9,clear,2.1
2022-03-30,10.8,0.4,76.5,1010.3,rain,1.8
2022-03-31,10.9,,63.5,1013.4,clouds,2.5
2022-04-01,9.2,,50.5,1018.1,clear,2.6
2022-04-02,8.2,,55,1016.7,clear,2.3
2022-04-03,9.6,,55,1017.3,clear,2.1
2022-04-04,10.3,,50.3,1017.2,clear,2.3
2022-04-05,10.3,,41.1,1011.9,clouds,2.4
2022-04-06,11.7,,52.3,1010.5,clouds,2.5
2022-04-07,10.9,,43.5,1007.5,clear,3.3
2022-04-08,12.9,,49,1008.5,clear,2.1
2022-04-09,17.8,0.5,43.8,1004.6,rain,3
2022-04-10,18.2,,46,1006.1,clear,2
2022-04-11,19.6,,60.4,1002.7,clouds,2.4
2022-04-12,19.3,0.5,77.9,1000.4,rain,2.8
2022-04-13,13.1,1.3,69.3,1004.2,rain,4.4
2022-04-14,13.2,,53.4,1008,clouds,4
2022-04-15,13.3,,46.8,1007.4,clear,3
2022-04-16,13.2,,48.5,1007.2,clear,2.5
2022-04-17,14,,53.8,1007.7,clouds,2.3
2022-04-18,15.2,,46.1,1007.4,clouds,2.4
2022-04-19,15.2,,51.9,1006.9,clear,2.4
2022-04-20,15.7,,48.8,1005.5,clear,2.3
2022-04-21,16.3,,48.4,1001.6,clouds,2.8
2022-04-22,15,,76.8,1000.3,clouds,3.5
2022-04-23,17.7,,57.3,1001.9,clouds,1.7
2022-04-24,18.5,0.3,72.5,1001.2,rain,2.3
2022-04-25,20,1.3,80.5,1000.6,rain,1.4
2022-04-26,21.9,1,57.9,993.2,rain,3.1
2022-04-27,17.7,,31.5,1004.3,clear,2.7
2022-04-28,18.2,0.1,44,1005.6,rain,2.6
2022-04-29,13.4,15.5,70.6,1006.3,rain,3.4
2022-04-30,13,,68,1007.2,clouds,2.9
2022-05-01,13.4,,54.8,1002.6,clear,3.1
2022-05-02,14.2,,56.5,1003.2,clear,2.4
2022-05-03,14.8,,45.9,1008.5,clear,2.5
2022-05-04,17.8,,43.3,1008.5,clear,2.7
2022-05-05,18.9,,48.1,1008.3,clear,2.2
2022-05-06,19.6,,67.1,1006.1,clouds,2.5
2022-05-07,18.4,0.5,52.4,1006.6,rain,3
2022-05-08,15.3,2,51.8,1008.7,rain,2.8
2022-05-09,17.9,,56.4,1007.8,clouds,2.2
2022-05-10,19.9,0.1,39,1005.7,rain,2.2
2022-05-11,19.7,0.1,50.4,1004.7,rain,2.4
2022-05-12,20.9,,51.5,1000.7,clouds,1.9
2022-05-13,19.4,,45.8,997.5,clouds,2.2
2022-05-14,15.7,,45.5,1001.8,clouds,3.3
2022-05-15,16.2,,39.8,1003.6,clear,3.2
2022-05-16,17.3,,56.3,1001,clear,2.8
2022-05-17,20,,60.1,1002.6,clear,2.4
2022-05-18,20,1.5,59.4,1005.5,rain,2.9
2022-05-19,19.9,,53.6,1006,clouds,3
2022-05-20,20.6,,52.8,1003.2,clouds,2.3
2022-05-21,20.1,,70.8,999.1,clouds,2.5
2022-05-22,20.3,,70.9,997.6,clouds,2.5
2022-05-23,23,,63.5,1001.7,clouds,2.3
2022-05-24,22.9,,56.8,1003.7,clouds,2.1
2022-05-25,21,3.5,66.6,998.4,rain,2.6
2022-05-26,18.7,0.1,59.9,993.9,rain,3.7
2022-05-27,20,0.1,62.5,991.1,rain,3.3
2022-05-28,22.3,,54.1,995.1,clear,2.8
2022-05-29,23.1,,66.4,995,clouds,2.3
2022-05-30,20.8,0.1,71,992.5,rain,2.5
2022-05-31,20.7,,42.4,997.5,clear,2.5
2022-06-01,22.1,,41.6,995.8,clear,2.6
2022-06-02,21.5,,67.4,997.3,clouds,2.7
2022-06-03,24.5,,62.8,999.4,clouds,2
2022-06-04,25.6,,57,999.4,clouds,1.7
2022-06-05,22.7,0.1,59.8,992.9,rain,2.3
2022-06-06,19.7,4.3,69,991.8,rain,3.2
2022-06-07,20.6,0.1,54.5,997.3,rain,2.7
2022-06-08,21.2,,61.6,1001.1,clouds,2.3
2022-06-09,20.9,2.6,76.1,1003,rain,1.6
2022-06-10,20.9,1.2,75.8,1003.8,rain,1.9
2022-06-11,24.6,,59.6,1002.1,clouds,2.2
2022-06-12,24.6,,58.9,1001.9,clouds,2.5
2022-06-13,23.6,18,68.5,999,rain,2.6
2022-06-14,21.5,0.1,56.4,998.4,rain,4.2
2022-06-15,17.5,18.5,92.4,996,rain,2.3
2022-06-16,20.3,0.7,78.4,997.7,rain,2.3
2022-06-17,22.5,,76.4,997.9,clouds,1.9
2022-06-18,23.3,0.1,79.6,997.5,rain,1.7
2022-06-19,23.4,,81.6,997.6,clouds,1.4
2022-06-20,25.2,,76.6,994.8,clouds,1.3
2022-06-21,26.5,,72.6,993.9,clouds,2
2022-06-22,25.9,,71.1,997.1,clouds,2.1
2022-06-23,24.3,103,89.1,989.5,rain,2.8
2022-06-24,22.6,19.1,90.9,988.1,rain,3.5
2022-06-25,26,,80.4,994.1,clouds,2.8
2022-06-26,26.5,,82.1,998.2,clouds,2.6
2022-06-27,26.8,6.1,84.4,996.7,rain,2.8
2022-06-28,26.9,6.3,81.9,992.6,rain,5.8
2022-06-29,25.1,37.8,95.5,994.5,rain,4.1
2022-06-30,22.3,176.2,99.3,1000.6,rain,2.3
2022-07-01,26.6,,83.3,1004.4,clouds,2.1
2022-07-02,28.8,,72.8,1002.6,clouds,1.7
2022-07-03,29.3,,68.6,998.6,clouds,1.7
2022-07-04,29.3,0.1,71.8,995.3,rain,1.8
2022-07-05,29.2,0.1,73.8,995.1,rain,1.7
2022-07-06,29.5,16.1,76,997,rain,2.1
2022-07-07,28.2,0.1,82.3,995.4,rain,2.8
2022-07-08,25.8,1.7,84.4,993,rain,2.9
2022-07-09,26.9,0.1,82.1,992.9,rain,1.7
2022-07-10,29.2,0.1,68,994.6,rain,1.7
2022-07-11,27,9,75,995.9,rain,1.8
2022-07-12,26.8,,73.1,997.5,clouds,2.2
2022-07-13,25,114.5,93.9,992.3,rain,1.8
2022-07-14,25.7,0.9,84.6,990.2,rain,2.3
2022-07-15,26,,76.5,989.9,clouds,2.3
2022-07-16,24.8,34,83.4,988.5,rain,2
2022-07-17,25.5,0.1,78.9,990.6,rain,1.8
2022-07-18,26.8,,76,989.4,clouds,2.2
2022-07-19,27.4,,74.1,992.3,clouds,2.3
2022-07-20,27.1,1.1,76.1,996.1,rain,2.2
2022-07-21,23.2,10.4,87.6,992.3,rain,2.9
2022-07-22,25.1,5.2,81.5,995.7,rain,1.9
2022-07-23,24.8,9.9,83.6,994.7,rain,2
2022-07-24,25,1.2,86.9,992.6,rain,2.1
2022-07-25,27.5,,75,998.7,clouds,1.9
2022-07-26,28.9,,72.5,999.3,clouds,1.8
2022-07-27,29.3,,66.3,999.6,clouds,2
2022-07-28,29.7,,63.8,1000.8,clouds,2.4
2022-07-29,30.7,,68.1,1001.8,clouds,2.2
2022-07-30,30.9,1,68.4,999.3,rain,2.6
2022-07-31,27.2,47.2,85.8,996.4,rain,2.5
2022-08-01,28.6,30,82.4,995.6,rain,2.4
2022-08-02,26.8,33.5,90,998.4,rain,2.8
2022-08-03,27.1,51.1,90.1,1000.1,rain,2.8
2022-08-04,28.9,0.1,79.3,999.5,rain,2.5
2022-08-05,29.4,0.1,76.6,996.2,rain,2.6
2022-08-06,28.7,13.6,85.3,996.1,rain,1.7
2022-08-07,28.9,0.9,82.1,996.2,rain,2.4
2022-08-08,26.8,129.6,91.6,995.9,rain,3.3
2022-08-09,25.1,123.1,96,995.7,rain,2.6
2022-08-10,24.7,7.6,85.3,996,rain,1.6
2022-08-11,25,38.8,87.9,994.2,rain,1.6
2022-08-12,27,,73.8,996.2,clouds,1.7
2022-08-13,25.8,4,82.8,995.6,rain,1.3
2022-08-14,27.6,3,83,995.5,rain,1.9
2022-08-15,28.1,0.9,83,990.6,rain,4.8
2022-08-16,26.7,0.1,75.4,993.5,rain,2.6
2022-08-17,26,0.1,76.6,996,rain,2
2022-08-18,25.6,,75.8,997.4,clouds,1.9
2022-08-19,26,66.1,86.1,992.5,rain,2.3
2022-08-20,28.2,0.1,80,991.9,rain,2.4
2022-08-21,28.1,,75.3,994.9,clouds,1.7
2022-08-22,26.8,3.2,75.6,994.3,rain,2.3
2022-08-23,25.4,2.2,75,995.9,rain,2
2022-08-24,24.8,,66.9,997.9,clouds,2.5
2022-08-25,22.2,1.6,78,997.7,rain,1.8
2022-08-26,23.8,,75.3,997.1,clouds,2.4
2022-08-27,21.5,17.6,63.1,1000.3,rain,2.8
2022-08-28,22.6,,59.4,1004.5,clouds,1.7
2022-08-29,21,2.2,74,1005.5,rain,2.3
2022-08-30,19.1,35.8,96.3,1001.2,rain,2.6
2022-08-31,21.7,0.1,83.3,998.8,rain,1.8
2022-09-01,24,,70.8,1003.3,clear,1.7
2022-09-02,24.7,,61.8,1005.8,clear,3.1
2022-09-03,24.2,,63,1004.2,clouds,3.4
2022-09-04,22.3,33.8,88.6,999.1,rain,3.1
2022-09-05,19.2,120,95.9,997.1,rain,3.2
2022-09-06,21,25.3,78,995.3,rain,3.6
2022-09-07,22.8,,65.3,1006.8,clear,1.9
2022-09-08,23.2,,65.5,1007.7,clear,1.6
2022-09-09,24.3,,59.1,1007.2,clouds,2
2022-09-10,23.6,,52.3,1007.2,clouds,2.6
2022-09-11,23.3,0.1,68.6,1004.8,rain,2.1
2022-09-12,23.8,,76.1,1004,clouds,1.6
2022-09-13,24.3,0.1,73,1005.7,rain,2.5
2022-09-14,24.6,0.1,56.9,1005.7,rain,4.6
2022-09-15,25.2,0.1,66.9,1001,rain,3.6
2022-09-16,25.7,14.6,78.6,997.5,rain,2.9
2022-09-17,25.6,4.3,83.1,998.1,rain,1.4
2022-09-18,27.1,,75.3,993.8,clouds,2
2022-09-19,24.6,,63.1,992.3,clouds,3.3
2022-09-20,19.9,,57,1003.3,clear,2.3
2022-09-21,19.4,,56.9,1006.7,clear,1.8
2022-09-22,19.8,,60.1,1004.9,clouds,2
2022-09-23,17.5,3.3,68.9,1002.7,rain,3.1
2022-09-24,18.5,,64.6,1006.6,clouds,1.8
2022-09-25,19.6,,63.3,1006.1,clouds,1.6
2022-09-26,20,,58.5,1006.6,clouds,1.7
2022-09-27,20.9,,59,1005.4,clear,1.6
2022-09-28,20.4,,71,1003.5,clouds,1.8
2022-09-29,20.4,,73.5,1004.5,clouds,1.4
2022-09-30,20.7,,68,1005.9,clear,1.6
2022-10-01,20.9,,63.3,1007.4,clouds,1.6
2022-10-02,19.4,15.8,78.9,1005.8,rain,2.7
2022-10-03,21.4,76,98.5,1001.2,rain,2.7
2022-10-04,17.9,11.8,83.8,1002.6,rain,2.9
2022-10-05,16.6,0.1,74.8,1009.2,rain,2.1
2022-10-06,15.8,0.1,76.6,1008.9,rain,2.1
2022-10-07,14.3,,69.5,1009.9,clouds,2.5
2022-10-08,15.8,,64.6,1013.4,clouds,2.5
2022-10-09,13.1,20.4,85.8,1007.3,rain,2.1
2022-10-10,9.9,0.1,72.9,1003.4,rain,3.8
2022-10-11,11.1,,69.1,1011.3,clear,2.2
2022-10-12,13.5,,68.1,1016.1,clear,1.8
2022-10-13,16.3,,69.6,1014.4,clouds,1.5
2022-10-14,17.1,,73.4,1009.8,clouds,1.6
2022-10-15,18.2,,68.5,1008.6,clouds,1.4
2022-10-16,16.9,,73.9,1007.7,clouds,1.7
2022-10-17,11.2,,50.3,1009.4,clear,3.4
2022-10-18,9.4,,52.1,1012.4,clear,2.3
2022-10-19,10.5,,57.8,1015.5,clear,1.8
2022-10-20,12.9,,64.4,1017,clear,1.8
2022-10-21,14,,68.8,1013.8,clouds,1.7
2022-10-22,15.1,,76.3,1010.4,clouds,1.9
2022-10-23,14,,65,1008.6,clouds,2.7
2022-10-24,10.6,,52.6,1011.3,clear,2.8
2022-10-25,11.3,,56.5,1017.5,clear,2
2022-10-26,12.9,,58.3,1017,clouds,1.9
2022-10-27,13.2,,71.8,1015,clear,1.7
2022-10-28,13.6,,70.1,1015.5,clear,1.7
2022-10-29,14.8,,65.9,1015.6,clear,1.8
2022-10-30,14.9,,64.5,1014.7,clear,1.9
2022-10-31,14.9,,69.8,1013.5,clouds,2.1
2022-11-01,13.1,,73.5,1011.5,clouds,1.8
2022-11-02,11.1,,57.1,1010.5,clear,1.7
2022-11-03,9.3,0.1,58.1,1009.3,rain,2
2022-11-04,4.9,,41.8,1012.9,clear,2.9
2022-11-05,6.5,,51.3,1014.5,clear,1.7
2022-11-06,9.6,,60.5,1013.8,clouds,1.8
2022-11-07,11.4,0.1,64.5,1012.5,rain,1.7
2022-11-08,12.9,,68.3,1014.1,clouds,1.5
2022-11-09,11.4,,76,1014.8,clouds,1.5
2022-11-10,13.5,,74.5,1014.2,clear,1.3
2022-11-11,15.6,,62.5,1014.5,clear,1.8
2022-11-12,16.3,57.9,80,1005.1,rain,2.2
2022-11-13,10.3,,85.6,1005,clouds,2.6
2022-11-14,9.7,,74.8,1007.5,clouds,2.3
2022-11-15,8.1,1.6,77.4,1006.4,rain,2
2022-11-16,8.5,,71.3,1009.8,clear,1.7
2022-11-17,10.2,,64.6,1013.4,clear,1.6
2022-11-18,11,,69.6,1015.6,clear,1.6
2022-11-19,12.9,,55.8,1012,clouds,2.3
2022-11-20,13.7,,58.3,1009.4,clear,1.7
2022-11-21,11.8,,70.5,1010.8,clouds,1.6
2022-11-22,10.7,0.1,69.9,1010.3,rain,1.9
2022-11-23,10.8,0.1,56,1007.3,rain,2.1
2022-11-24,9.4,,65.6,1010.5,clouds,1.5
2022-11-25,12.3,1.7,67.1,1006.6,rain,3
2022-11-26,6.7,,52.4,1007.9,clear,3
2022-11-27,5.4,,43.1,1010,clear,2.4
2022-11-28,12.3,19.5,65.5,1003.7,rain,2.7
2022-11-29,6.9,3.8,67,1007,rain,3.5
2022-11-30,-5.4,,49.1,1021.1,snow,3.9
2022-12-01,-5.4,,43.4,1021,clear,2.4
2022-12-02,-2.5,,42,1019,clear,1.7
2022-12-03,2.1,1.1,70.5,1014.6,snow,2.6
2022-12-04,-3.5,,38.9,1020.9,clouds,2.8
2022-12-05,-3.1,,41.9,1018.7,clouds,2.4
2022-12-06,0.9,0.1,62.8,1012.2,snow,2.4
2022-12-07,4.9,0.1,60.4,1012.3,snow,2.7
2022-12-08,3.7,,57.5,1015,clear,1.4
2022-12-09,4.5,0.1,60.8,1011.7,rain,2
2022-12-10,2.6,,46.5,1009.9,clouds,1.3
2022-12-11,1.6,,52.5,1012.5,clear,1.8
2022-12-12,2,5.4,73.4,1009.1,rain,1.7
2022-12-13,0,0.6,70.8,1007.5,snow,3.5
2022-12-14,-8.4,,50.1,1017,clear,3.2
2022-12-15,-4.5,2.4,79.1,1013.9,snow,2.5
2022-12-16,-6.3,,56.9,1019.5,clouds,2
2022-12-17,-7,0.2,52,1014.4,snow,2.7
2022-12-18,-9.5,,47.1,1012.2,clear,2.6
2022-12-19,-7,,55.6,1015.9,clear,1.7
2022-12-20,-3.2,,55.8,1015.4,clouds,2.2
2022-12-21,-0.1,3.6,82.4,1001.2,snow,2.7
2022-12-22,-7.8,,60.5,999.6,clear,4.4
2022-12-23,-11.8,,60.5,1002.8,clear,4.3
2022-12-24,-8.4,,54.9,1009.9,clear,1.8
2022-12-25,-5.4,,66.5,1012.8,clear,1.7
2022-12-26,-3.9,,68.4,1015.3,clear,1.4
2022-12-27,-2.6,,69.8,1018.1,clear,1.8
2022-12-28,-3.3,0.1,58.1,1019.5,snow,2.5
2022-12-29,-2.9,0.1,56.3,1021.4,snow,1.7
2022-12-30,-1.8,0.1,65.6,1020.8,snow,1.9
2022-12-31,-1.2,0.1,65.5,1019.5,snow,1.4
2022-01-01,-3.4,,43.4,1021.7,clear,1.9
2022-01-02,-1.2,0.3,58,1017.8,snow,3.2
2022-01-03,-1.9,0.2,56.9,1017.3,snow,1.9
2022-01-04,-2.9,,46,1019.6,clear,3.6
2022-01-05,-3.2,,45.1,1019,clouds,2.5
2022-01-06,-2,,44.1,1020.3,clear,3.1
2022-01-07,-1.7,,50.4,1020.9,clear,1.9
2022-01-08,1.6,,65.9,1015.4,clouds,2.7
2022-01-09,0.5,,72.8,1013.9,clouds,2.2
2022-01-10,-0.1,1.2,75.9,1012,snow,1.8
2022-01-11,-7.5,0.1,55.1,1012.6,snow,5.5
2022-01-12,-6.9,,47.9,1014.3,clouds,2.9
2022-01-13,-5.6,0.1,45.5,1013.5,snow,5.2
2022-01-14,-4.7,,44.5,1017,clouds,2.6
2022-01-15,-0.1,0.1,50.3,1013.7,snow,2.1
2022-01-16,-2.7,,56.1,1016.8,clear,4
2022-01-17,-5,0.4,56.9,1018.8,snow,3.2
2022-01-18,-5.2,,47.9,1019.9,clear,2.6
2022-01-19,-4.7,0.2,65.3,1015.9,snow,3.1
2022-01-20,-5.4,,58.9,1020.4,clear,3
2022-01-21,-3.1,,57,1021.3,clear,2.2
2022-01-22,-0.7,,51.4,1017.5,clouds,2.3
2022-01-23,1.1,,49.4,1013.6,clouds,2.9
2022-01-24,4.5,,52,1012.7,clouds,3
2022-01-25,3.2,0.2,74,1012.1,rain,3.1
2022-01-26,0.9,,58.1,1016,clear,2.6
2022-01-27,-1.6,,49.5,1016.6,clouds,2.9
2022-01-28,-2.7,,50,1016.5,clouds,3.4
2022-01-29,-3.5,,47.4,1013.8,clear,3.1
2022-01-30,-2.9,,41.9,1013.7,clear,3.4
2022-01-31,-0.3,1.9,56.4,1015,snow,2.3
2022-02-01,-1.4,1.2,75.1,1016.5,snow,3.2
2022-02-02,-3,,59.4,1019.7,clear,2.7
2022-02-03,-3.4,,50.8,1018.6,clear,3.2
2022-02-04,-4.8,0.1,51.9,1016.5,snow,3.7
2022-02-05,-6,,47.3,1017.8,clear,4.7
2022-02-06,-2.9,,48.6,1019.2,clear,3.2
2022-02-07,-1.9,,49.8,1019.6,clouds,2
2022-02-08,0.2,,55.5,1018.7,clear,1.9
2022-02-09,0.4,,63.6,1016.9,clouds,1.7
2022-02-10,1.3,,62.8,1014.8,clear,2.2
2022-02-11,2.3,,75.6,1017.8,clouds,1.7
2022-02-12,3.5,,61,1016.2,clouds,2.5
2022-02-13,3.7,,44.1,1013.3,clouds,2.8
2022-02-14,1.4,1,71.4,1011.8,snow,3.2
2022-02-15,-5.2,0.1,57.5,1013.6,snow,4.8
2022-02-16,-7.2,0.1,49.6,1015.4,snow,5.1
2022-02-17,-6.4,,41.1,1019.8,clear,3.8
2022-02-18,-1.9,,45.4,1020.9,clouds,2
2022-02-19,-1.7,0.1,56.3,1015.6,snow,3.7
2022-02-20,-4.7,,42.3,1018,clear,5.1
2022-02-21,-2.4,0.1,54.4,1019.1,snow,4.1
2022-02-22,-4.4,,40.8,1023.4,clear,4.6
2022-02-23,-5.3,,35.4,1024.4,clear,4.2
2022-02-24,-1.6,,51.5,1021.9,clear,2.5
2022-02-25,2.9,,79.1,1017.5,clouds,3
2022-02-26,4.1,0.5,80.6,1009,rain,5.5
2022-02-27,3.4,,66.1,1013.1,clear,3.5
2022-02-28,5.6,,65.1,1011.9,clouds,2.5
2022-03-01,4.8,4.3,73.4,1006.5,rain,3
2022-03-02,3,,64.4,1009.2,clear,3
2022-03-03,5.1,,62.9,1009.4,clear,2.5
2022-03-04,6.4,,67.4,1002.8,clouds,4.8
2022-03-05,2,,36.8,1007.8,clear,4.9
2022-03-06,1.3,,38.9,1013.5,clear,4.1
2022-03-07,2.1,,44.8,1012.2,clouds,2.2
2022-03-08,4.9,,61.6,1010.8,clouds,2
2022-03-09,5.8,,77.1,1013.4,clouds,2.1
2022-03-10,7.3,,63,1012.2,clouds,2.1
2022-03-11,10.1,0.1,65.9,1009.8,rain,1.9
2022-03-12,11,2.5,77.1,1006.4,rain,2.6
2022-03-13,10,32.8,95.5,1002.6,rain,2.4
2022-03-14,6.8,6.4,91.6,1003.3,rain,3.5
2022-03-15,5.1,,76.4,1005.9,clouds,2.3
2022-03-16,8,,69.9,1008.5,clouds,2
2022-03-17,9.4,0.1,62.8,1010.4,rain,3.1
2022-03-18,7.8,0.1,55.8,1002.2,rain,4.7
2022-03-19,3.6,12,83.3,1000.5,rain,2.9
2022-03-20,4.5,,64.4,1010.5,clouds,3.1
2022-03-21,4.2,,47.5,1015.5,clouds,3
2022-03-22,5.9,,53.4,1013.7,clear,3.3
2022-03-23,5.1,0.1,59.9,1009.8,rain,2.2
2022-03-24,7.2,,71.8,1010.9,clouds,2.8
2022-03-25,12.3,9.3,62.5,1005.7,rain,3.4
2022-03-26,10.2,17.2,80.5,994.3,rain,4.3
2022-03-27,7.3,0.1,52.1,1007.9,rain,3.9
2022-03-28,6.8,,39.3,1017.4,clear,2.4
2022-03-29,9.3,,53.8,1016,clear,2.3
2022-03-30,10.4,0.1,72.9,1012.2,rain,2.2
2022-03-31,10.1,,70.1,1015.6,clouds,3.2
2022-04-01,8.1,,59.8,1020.4,clear,2.8
2022-04-02,6.8,,63,1019.1,clear,2.4
2022-04-03,8.5,,57,1019.7,clear,2.1
2022-04-04,8.8,,62.9,1019.5,clear,2.5
2022-04-05,8.9,,50.5,1014.1,clouds,2.7
2022-04-06,10.2,,55.1,1012.8,clouds,2.3
2022-04-07,9.2,,52.4,1009.9,clear,3.5
2022-04-08,11.7,,49,1010.5,clear,2.5
2022-04-09,16.3,0.1,44.8,1006.3,rain,4.9
2022-04-10,16.7,,50.6,1008.2,clear,3.2
2022-04-11,18.5,,65.4,1004.8,clouds,2.6
2022-04-12,15.6,1.7,85.9,1002.6,rain,2.7
2022-04-13,11.8,1.5,70.5,1005.6,rain,4.7
2022-04-14,12.4,,50.1,1009.7,clouds,4.1
2022-04-15,12,,49.9,1009.6,clear,2.9
2022-04-16,11.1,,58.5,1009.6,clear,2.9
2022-04-17,10.7,,69.3,1010,clear,2.9
2022-04-18,12.3,,56.4,1009.6,clouds,3.2
2022-04-19,11.9,,70.8,1009.3,clear,2.8
2022-04-20,12.9,,58,1007.8,clear,2.7
2022-04-21,14.3,,48,1003.6,clouds,3.8
2022-04-22,12.5,,80.5,1002.4,clouds,4.4
2022-04-23,14.7,,71.1,1004,clouds,2
2022-04-24,15.5,0.1,80.3,1003.4,rain,2.3
2022-04-25,18.3,0.5,80,1002.6,rain,1.7
2022-04-26,19.9,0.3,60.1,995.6,rain,3.9
2022-04-27,15.4,,37.8,1006.7,clouds,3.8
2022-04-28,16,0.1,46,1007.9,rain,2.5
2022-04-29,12.9,17,68.9,1008.1,rain,3.2
2022-04-30,12.1,,65.8,1009.3,clouds,3.2
2022-05-01,11.9,,63.5,1004.9,clear,3.1
2022-05-02,13.3,,59.6,1005.5,clear,2.7
2022-05-03,13.1,,48.1,1010.8,clear,2.7
2022-05-04,16.3,,42.1,1010.5,clear,3.5
2022-05-05,17.2,,51.9,1010.6,clear,2.7
2022-05-06,18.3,,71.5,1008.4,clouds,2.4
2022-05-07,16.6,0.3,54.3,1009,rain,3.5
2022-05-08,15.2,0.7,48.1,1010.4,rain,2.9
2022-05-09,16.1,,59.6,1009.9,clouds,2.5
2022-05-10,18.8,0.1,36.8,1007.9,rain,2.6
2022-05-11,16.8,0.1,60,1007.2,rain,2.4
2022-05-12,18.6,,54,1003,clouds,2.3
2022-05-13,18,,41.9,999.9,clouds,3.4
2022-05-14,14.4,,53.9,1004.5,clouds,3.8
2022-05-15,14.8,,44.9,1006.1,clear,3.2
2022-05-16,15.4,,66.3,1003.3,clear,3.6
2022-05-17,17.4,,69.3,1004.8,clear,3
2022-05-18,18.3,2.4,63.1,1007.3,rain,4.2
2022-05-19,17.7,,60.3,1008,clouds,3.9
2022-05-20,18.4,,59.1,1005.5,clouds,2.6
2022-05-21,17.1,,81.3,1001.7,clouds,2.6
2022-05-22,17.3,,79.5,999.9,clouds,2.6
2022-05-23,19.5,,75.4,1004,clouds,2.4
2022-05-24,20.1,,66.4,1006.1,clouds,2.1
2022-05-25,17.9,2,81.8,1001,rain,2.7
2022-05-26,16.5,,68.8,996.2,clear,3.6
2022-05-27,17.5,,71.4,993.6,clear,3.3
2022-05-28,19.8,,69.3,997.2,clear,3.1
2022-05-29,20,,74,997.3,clouds,2.7
2022-05-30,18.9,0.1,75.8,994.8,rain,2.4
2022-05-31,18.7,,54.1,999.7,clear,2.8
2022-06-01,20.4,,48.5,998,clear,3.1
2022-06-02,19.5,,76.1,999.8,clouds,2.4
2022-06-03,21.3,,72,1001.9,clouds,2.2
2022-06-04,22.8,,72.5,1001.5,clouds,1.9
2022-06-05,21.9,0.5,60,994.6,rain,2.7
2022-06-06,19.6,1.6,65.4,993.6,rain,3.3
2022-06-07,19.9,0.1,54.9,999.2,rain,2.9
2022-06-08,19.9,,70.1,1003.3,clouds,2.6
2022-06-09,20.1,0.4,76,1005.1,rain,1.9
2022-06-10,20,4.4,77.5,1005.9,rain,2.1
2022-06-11,23.9,,61.1,1004.1,clouds,2.8
2022-06-12,22.9,,63,1004.1,clouds,2.5
2022-06-13,22.7,0.1,67.8,1000.8,rain,2.5
2022-06-14,21.8,0.1,50.1,1000.1,rain,3.6
2022-06-15,17.3,19.7,90.5,997.8,rain,2.3
2022-06-16,19.2,2.7,78.5,999.9,rain,2.6
2022-06-17,21.2,,79.9,999.9,clouds,1.9
2022-06-18,22,,82.9,999.6,clouds,2.1
2022-06-19,22.4,,83.6,999.6,clouds,2
2022-06-20,23.4,0.1,81.8,996.9,rain,1.7
2022-06-21,23.2,,81,996.3,clouds,2
2022-06-22,22.9,,81.4,999.3,clouds,2
2022-06-23,22.3,92.3,92.4,991.5,rain,3.8
2022-06-24,20.8,8.4,94.9,990.2,rain,3.7
2022-06-25,23.7,,87.3,996,clouds,3.4
2022-06-26,25.1,0.1,85.6,999.9,rain,4.5
2022-06-27,25.8,2.3,83.8,998.2,rain,5.2
2022-06-28,25.1,2.6,85.9,994.2,rain,7.2
2022-06-29,23.7,24.9,95.8,996.2,rain,5.4
2022-06-30,22.6,126.1,97,1002,rain,2.7
2022-07-01,25.6,,86,1006.2,clouds,2.9
2022-07-02,26.5,,80.8,1004.8,clouds,2
2022-07-03,27.1,,72.6,1000.8,clouds,2.1
2022-07-04,27.3,,71.4,997.5,clouds,1.7
2022-07-05,27.3,0.1,74.8,997.3,rain,2.1
2022-07-06,29,,72.5,998.7,clouds,2
2022-07-07,27.6,0.5,78.5,997.1,rain,4.3
2022-07-08,24.4,0.1,88.6,995.1,rain,2.9
2022-07-09,25.3,,82.8,995.1,clouds,1.8
2022-07-10,26.7,,75.1,996.9,clouds,1.9
2022-07-11,26.7,,69.9,997.9,clouds,2.3
2022-07-12,26.7,,72.1,999.3,clouds,2.2
2022-07-13,24.4,168,93.4,993.6,rain,3.6
2022-07-14,24,0.5,87.9,992.4,rain,2.8
2022-07-15,24.3,,84.6,992.1,clouds,2.8
2022-07-16,24.4,,83.6,990.6,clouds,2.9
2022-07-17,24.6,,83.8,992.6,clouds,2.7
2022-07-18,25.9,,78.8,991.3,clouds,1.9
2022-07-19,25.8,,81.1,994.5,clouds,2.5
2022-07-20,25.8,0.7,80.4,998.3,rain,2.4
2022-07-21,23.2,12.8,83.8,994.4,rain,3.7
2022-07-22,24.8,,82.6,997.9,clouds,2.8
2022-07-23,24.2,11.6,84.5,996.4,rain,2.2
2022-07-24,24.5,0.4,87.8,994.4,rain,2.2
2022-07-25,25.8,,79,1001,clear,2.4
2022-07-26,27.5,,74.6,1001.5,clouds,1.9
2022-07-27,27.8,,72.6,1001.4,clouds,2.2
2022-07-28,28.4,,64.5,1002.7,clouds,2.5
2022-07-29,29.3,,71,1003.9,clouds,2.5
2022-07-30,31.1,0.1,61.8,1001.1,rain,2.4
2022-07-31,27.2,20.7,82.4,998,rain,2.6
2022-08-01,27.7,31.3,85,997.2,rain,3.1
2022-08-02,25.5,148.2,95.8,1000,rain,5.1
2022-08-03,26.3,51.1,94.6,1002.2,rain,3.4
2022-08-04,27.3,,88.1,1001.7,clouds,2.3
2022-08-05,27.8,0.1,87,998.4,rain,2.8
2022-08-06,27.7,0.1,88.4,998.1,rain,2.3
2022-08-07,28.1,0.1,85.6,998,rain,3.8
2022-08-08,26.2,207.8,93,997.8,rain,5
2022-08-09,24.2,113.1,97.4,997.7,rain,3.2
2022-08-10,22.7,6.3,90.6,998.1,rain,2
2022-08-11,23.5,19.4,90.8,996.3,rain,1.9
2022-08-12,25.1,,81.8,998.4,clouds,1.8
2022-08-13,24.6,6.5,86.3,997.5,rain,2.1
2022-08-14,26.8,1.4,86.3,997.3,rain,2.2
2022-08-15,27.2,0.1,86.8,992.5,rain,6.1
2022-08-16,25,0.1,79.9,995.7,rain,2.7
2022-08-17,25.2,,77,998.3,clouds,1.9
2022-08-18,25,,76.5,999.5,clouds,2.3
2022-08-19,25.7,11.3,86.4,994.2,rain,3.9
2022-08-20,26.7,,82.1,994.2,clouds,2.4
2022-08-21,27,,78.9,997,clouds,1.8
2022-08-22,26.2,0.1,78,996.4,rain,2.8
2022-08-23,24.4,2.8,72.3,998.1,rain,2.8
2022-08-24,24.5,,65.9,999.7,clouds,2.6
2022-08-25,22.4,1.6,74.1,999.8,rain,2.1
2022-08-26,23.7,,74.5,999.2,clouds,2.6
2022-08-27,21.4,0.1,55.3,1002.6,rain,3.6
2022-08-28,22.4,,57.8,1006.5,clouds,2.2
2022-08-29,20.8,1,70.3,1007.2,rain,2.6
2022-08-30,19,34.1,92.8,1002.9,rain,2.4
2022-08-31,21.5,,81.8,1000.8,clouds,1.9
2022-09-01,23.9,,71.9,1005.4,clear,2.2
2022-09-02,25.1,,57.6,1007.5,clouds,2.6
2022-09-03,24.5,,57.3,1005.9,clouds,3.1
2022-09-04,22.9,27.1,82.5,1000.7,rain,3.7
2022-09-05,18.5,95.5,92.8,998.8,rain,4.5
2022-09-06,20.9,25.5,77.9,997.6,rain,4.8
2022-09-07,22.6,,65.4,1009,clear,2.2
2022-09-08,22.4,,72.6,1010,clear,1.9
2022-09-09,24.1,,67.6,1009.2,clouds,2
2022-09-10,23.7,,43.8,1009.2,clouds,2.1
2022-09-11,22.7,0.1,69.4,1006.9,rain,1.9
2022-09-12,23.2,,78.1,1006.1,clouds,1.8
2022-09-13,24.3,0.1,71.3,1007.7,rain,2.4
2022-09-14,24.4,0.1,55.3,1007.5,rain,4.2
2022-09-15,25.6,,60.3,1002.6,clouds,2.9
2022-09-16,25.3,14.9,75.1,999.2,rain,3.6
2022-09-17,24.5,0.5,84.4,1000.3,rain,1.9
2022-09-18,25.8,,74.1,995.9,clouds,3
2022-09-19,23.2,,62.9,994.7,clouds,4.3
2022-09-20,19.1,,51.4,1005.6,clouds,2.8
2022-09-21,18.6,,57.3,1008.8,clear,2.4
2022-09-22,19.7,,58.1,1006.9,clouds,2.4
2022-09-23,17.8,4.3,67.4,1005,rain,3.9
2022-09-24,18.7,,63.4,1008.8,clouds,2.4
2022-09-25,20,,67.4,1008.2,clouds,1.8
2022-09-26,19.8,,63.8,1008.9,clouds,1.9
2022-09-27,20.4,,71.8,1007.6,clear,1.7
2022-09-28,20.1,,76.8,1005.7,clouds,1.4
2022-09-29,19.7,,80.1,1006.9,clouds,1.6
2022-09-30,19.8,,80.5,1008.2,clear,1.6
2022-10-01,19.6,,74.6,1009.7,clouds,1.5
2022-10-02,20,17.8,74.6,1007.2,rain,2.9
2022-10-03,21.9,57.1,96.1,1003.1,rain,4.4
2022-10-04,17,7,75.1,1005.1,rain,3.8
2022-10-05,15.5,,69.3,1011.5,clouds,2.4
2022-10-06,15.5,,72.5,1011.1,clouds,2.6
2022-10-07,13.6,,57,1012.3,clouds,3.5
2022-10-08,16.2,,57,1015.2,clouds,2.1
2022-10-09,12.9,17.3,80.5,1009.3,rain,3.3
2022-10-10,9.8,2.9,69.1,1005.9,rain,5
2022-10-11,11.1,,61.5,1013.6,clear,3
2022-10-12,13.7,,65.3,1018.2,clear,1.8
2022-10-13,16.6,,66.6,1016.6,clouds,2.1
2022-10-14,16.6,,74.8,1011.9,clouds,1.9
2022-10-15,17.2,,71.1,1010.9,clouds,2
2022-10-16,16.3,,75.6,1010,clouds,1.8
2022-10-17,10.9,,44.4,1012.1,clear,4.6
2022-10-18,9.6,,45.9,1014.8,clear,3.3
2022-10-19,11.5,,52,1017.9,clear,1.8
2022-10-20,13.3,,65.6,1019.3,clear,1.5
2022-10-21,14,,70.5,1016.1,clouds,1.7
2022-10-22,15,,79.1,1012.8,clouds,1.7
2022-10-23,13.2,,59.1,1011.2,clear,3.5
2022-10-24,10.1,,45.5,1013.8,clear,3.8
2022-10-25,11,,53.9,1019.7,clear,2.2
2022-10-26,12.8,,54.8,1019.2,clouds,1.8
2022-10-27,13,,68.6,1017.5,clear,2.2
2022-10-28,12.8,,71.9,1017.8,clear,1.9
2022-10-29,14.7,,68.4,1017.7,clear,2
2022-10-30,14.9,,67.6,1016.8,clear,2.1
2022-10-31,14.8,,70,1015.7,clouds,2.2
2022-11-01,13.2,,73,1013.8,clouds,1.9
2022-11-02,10.8,,53.9,1012.9,clear,2.2
2022-11-03,9.4,0.1,55.4,1011.8,rain,2.8
2022-11-04,5,,39.5,1015.4,clear,4
2022-11-05,8,,48.4,1016.8,clear,2
2022-11-06,10.4,,58.1,1016,clouds,2
2022-11-07,11.7,0.1,64.4,1014.8,rain,2.1
2022-11-08,12.6,0.1,76.3,1016.4,rain,1.5
2022-11-09,11.4,,80.4,1017,clouds,1.3
2022-11-10,13,,76,1016.5,clear,1.7
2022-11-11,15.5,,58.5,1016.6,clear,2.3
2022-11-12,16.3,47.7,76.1,1006.9,rain,3.6
2022-11-13,9.5,,77.8,1007.5,clouds,3
2022-11-14,9.3,,70,1009.9,clouds,2.5
2022-11-15,8.6,1,71.9,1008.5,rain,2.5
2022-11-16,9.4,,68,1012.1,clouds,1.9
2022-11-17,11.1,,67,1015.5,clear,2.1
2022-11-18,11.5,,70.5,1017.7,clear,2
2022-11-19,13.5,,54.4,1014,clouds,2.5
2022-11-20,13.6,,65.1,1011.6,clear,1.9
2022-11-21,12.3,0.1,73.5,1013.1,rain,2.1
2022-11-22,10.2,0.1,75.9,1012.5,rain,2.1
2022-11-23,10.3,0.1,61,1009.8,rain,3.1
2022-11-24,10,,68.5,1012.6,clouds,1.7
2022-11-25,12.4,0.1,67.9,1008.7,rain,4.2
2022-11-26,6.5,,47.4,1010.5,clear,3.7
2022-11-27,6,,38.9,1012,clouds,2.2
2022-11-28,13,30.1,68.8,1005.2,rain,3.5
2022-11-29,5.8,2.4,58.8,1009.9,snow,5.5
2022-11-30,-5.6,,48.6,1023.7,clear,5.7
2022-12-01,-5.3,,43.1,1023.4,clear,3
2022-12-02,-2.3,,35.9,1021.2,clouds,2.3
2022-12-03,2.7,1.4,70.5,1016.7,snow,3.5
2022-12-04,-3.8,,34.1,1023.4,clouds,4.9
2022-12-05,-3.2,,42.6,1021.1,clouds,3
2022-12-06,1.5,0.1,62.9,1014.4,snow,2.3
2022-12-07,5.2,0.7,58.8,1014.8,rain,3.3
2022-12-08,4.5,,51.4,1017.3,clear,1.8
2022-12-09,5.3,,56.4,1014,clouds,2.5
2022-12-10,2.7,,42.9,1012.4,clouds,2.5
2022-12-11,1.7,,49.3,1015,clear,2.8
2022-12-12,2.5,2.1,68,1011.3,rain,2
2022-12-13,0.2,1.3,67.8,1010.1,snow,4.7
2022-12-14,-8.2,,52.1,1019.4,clear,4.1
2022-12-15,-4.3,2.5,75,1015.9,snow,3.4
2022-12-16,-6.9,,47.4,1022.1,clouds,3.5
2022-12-17,-7.3,1.3,52.5,1016.8,snow,3.4
2022-12-18,-9.7,,47.6,1014.8,clear,3.4
2022-12-19,-7.1,0.1,50.5,1018.3,snow,1.9
2022-12-20,-2.5,,50.3,1017.4,clouds,2.1
2022-12-21,0.9,3.9,78.8,1003.2,snow,2.9
2022-12-22,-7.7,,61.4,1002.3,clear,6
2022-12-23,-11.3,,60.6,1005.6,clouds,5.9
2022-12-24,-9,,54.1,1012.3,clear,2.5
2022-12-25,-4.9,,62.3,1015.2,clear,1.9
2022-12-26,-3.7,,62.1,1017.7,clear,1.8
2022-12-27,-1.7,,66.6,1020.4,clear,1.5
2022-12-28,-3.2,0.2,55.4,1022,snow,3.2
2022-12-29,-2.8,0.3,54.6,1023.8,snow,2
2022-12-30,-2.5,0.2,68.3,1023.3,snow,2.1
2022-12-31,0.2,,62.4,1021.7,clouds,2.4
2022-01-01,-4.4,,54.5,1022.5,clouds,1.2
2022-01-02,-1.2,0.1,58.5,1018.3,snow,1.7
2022-01-03,-1.7,,63.6,1018.1,clouds,1.5
2022-01-04,0.1,0.1,48.5,1019.3,snow,2.2
2022-01-05,-1.4,,53.1,1018.6,clouds,1
2022-01-06,-0.7,,48.4,1020.2,clear,1.6
2022-01-07,-1.5,,50.8,1021.2,clear,1.2
2022-01-08,0.7,,56.5,1016.6,clouds,1.4
2022-01-09,2.5,,63.5,1013.9,clouds,1.2
2022-01-10,0.7,0.1,62.9,1012.2,snow,1.3
2022-01-11,-3.8,0.3,55.5,1012.1,snow,3.4
2022-01-12,-5.1,0.1,49.4,1014.5,snow,2.3
2022-01-13,-4.5,0.4,51.9,1013.6,snow,3.1
2022-01-14,-4,,46,1017.4,clear,1.4
2022-01-15,0.6,,45,1014.8,clouds,1
2022-01-16,0.7,0.1,53,1016.6,rain,3.3
2022-01-17,-3.1,0.1,59.3,1019,snow,2.2
2022-01-18,-4.4,,40.5,1020,clear,1.7
2022-01-19,-3.2,0.1,59.6,1016.4,snow,1.9
2022-01-20,-4,,56.5,1020,clear,1.5
2022-01-21,-1.9,,50.6,1021.5,clear,1
2022-01-22,3.6,0.1,47.1,1017.4,rain,1
2022-01-23,4.6,,50.5,1013,clouds,1.4
2022-01-24,4.1,,55.6,1013.3,clouds,3.1
2022-01-25,3.4,0.2,76,1013.1,rain,1.8
2022-01-26,2.7,,56.5,1016.3,clouds,2.1
2022-01-27,0.3,,49.9,1016.5,clouds,1.6
2022-01-28,-1,,49.3,1016.2,clouds,1.7
2022-01-29,-2,,45.1,1013.9,clouds,1.8
2022-01-30,-2,,44.3,1013.8,clear,1.6
2022-01-31,-0.5,0.3,54.4,1016,snow,1.5
2022-02-01,0.4,0.1,64.5,1017.4,snow,2.4
2022-02-02,-0.2,,44.9,1019.8,clouds,2.6
2022-02-03,-1.7,,44.1,1018.6,clear,2.4
2022-02-04,-2.4,0.1,53,1016.7,snow,2.6
2022-02-05,-4.9,0.1,59.6,1018.2,snow,2.5
2022-02-06,-3,0.1,61.9,1019.9,snow,2.2
2022-02-07,-2.1,,47.3,1020.1,clouds,1.8
2022-02-08,-0.1,,47.9,1019.2,clear,1.5
2022-02-09,1.5,,45.4,1016.9,clouds,1
2022-02-10,2.9,,39.6,1014.8,clear,1.7
2022-02-11,2.8,,45.9,1017.9,clouds,1.6
2022-02-12,4.3,,44.8,1016.2,clouds,1.4
2022-02-13,5,,48.3,1013,clouds,1.3
2022-02-14,4.1,0.1,55.5,1012.2,rain,2
2022-02-15,-2.3,0.1,53.5,1013.9,snow,3.5
2022-02-16,-5.6,0.1,55.3,1015.4,snow,3.4
2022-02-17,-5.5,,43.9,1019.8,clear,2.1
2022-02-18,-0.9,,39.4,1021.1,clouds,1.2
2022-02-19,0.5,0.1,45.1,1015.4,snow,2.4
2022-02-20,-3.2,0.1,40.9,1018.3,snow,3.4
2022-02-21,-0.7,0.1,50.3,1020.2,snow,2.5
2022-02-22,-2.2,0.1,44.9,1023.6,snow,3
2022-02-23,-4.1,,34.9,1024.5,clouds,2.6
2022-02-24,-1.6,,41.9,1022.5,clear,2
2022-02-25,2.9,,63.1,1019,clear,1.7
2022-02-26,6.8,1.4,62.1,1010.9,rain,3.1
2022-02-27,5,,46.9,1014.2,clear,2.3
2022-02-28,6.9,,44.3,1012.7,clouds,1.5
2022-03-01,6.7,0.6,64.9,1006.8,rain,2.1
2022-03-02,3.8,,52.9,1010.2,clear,2
2022-03-03,7,,49.5,1010,clear,2.1
2022-03-04,8.6,,48.6,1004.8,clouds,2.4
2022-03-05,3.9,,36,1008.3,clear,4.2
2022-03-06,2.2,,32.3,1013.5,clear,2.3
2022-03-07,4.3,,36.3,1012.3,clouds,1.4
2022-03-08,6.1,,48.9,1011.1,clear,1.4
2022-03-09,7.8,,51.9,1013.7,clear,1.2
2022-03-10,9.6,,39.9,1012.6,clouds,1.4
2022-03-11,11,,55.1,1010.2,clouds,1
2022-03-12,15.3,,64.1,1007.3,clouds,1.6
2022-03-13,14.4,24.6,88.3,1003.1,rain,1.7
2022-03-14,11.3,3.2,85.8,1003.7,rain,1.7
2022-03-15,9.4,,65.1,1006.2,clouds,1.6
2022-03-16,11.3,,58,1008.1,clouds,1.7
2022-03-17,9.1,5.8,79.1,1010.7,rain,2.3
2022-03-18,6.4,3.9,76,1002.4,rain,3.6
2022-03-19,4.1,12.9,82.8,1001.5,rain,2
2022-03-20,5.1,0.1,68.9,1011.1,rain,1.9
2022-03-21,5.8,,48.6,1015.2,clouds,1.7
2022-03-22,6.9,,44.3,1013.5,clouds,1.7
2022-03-23,5.8,0.1,60.3,1010.3,rain,1.5
2022-03-24,8.7,,61.4,1011.8,clouds,1.7
2022-03-25,12.6,9.1,66.6,1006.9,rain,2.1
2022-03-26,11,13.7,89.6,995.6,rain,2.5
2022-03-27,8.4,,53.3,1008.2,clear,3
2022-03-28,7.7,,44.1,1017.5,clear,1.4
2022-03-29,10.7,,49.8,1016.3,clear,1.5
2022-03-30,12.4,0.2,69,1012.4,rain,1.4
2022-03-31,11.4,0.1,69.4,1015.4,rain,2.1
2022-04-01,9.7,,47.4,1020.3,clouds,2.1
2022-04-02,8.1,,47.3,1019.4,clear,2
2022-04-03,9.6,,45,1019.7,clear,1.8
2022-04-04,10.8,,41.8,1019.5,clear,1.7
2022-04-05,10.3,,38.6,1014.5,clouds,1.8
2022-04-06,12.5,,36.8,1012.8,clear,1.8
2022-04-07,11.9,0.7,47.9,1010.3,rain,1.9
2022-04-08,13.9,,35.1,1011.2,clear,1.7
2022-04-09,18.2,,39.8,1007.5,clear,2.2
2022-04-10,18.6,,43.3,1008.4,clouds,1.7
2022-04-11,20.6,,54.1,1005.1,clear,1.6
2022-04-12,20.7,,66.3,1002.8,clouds,2.1
2022-04-13,14,29,87.5,1005.6,rain,2.3
2022-04-14,10.7,2.2,74,1009.6,rain,2.6
2022-04-15,12.6,,54.3,1009.1,clouds,2.4
2022-04-16,13.1,,44.4,1009.5,clear,2
2022-04-17,13.9,,40.3,1010.4,clear,1.8
2022-04-18,15,,43,1010.2,clouds,1.7
2022-04-19,15.7,,38.9,1009.6,clear,1.7
2022-04-20,15.2,,41.1,1008.4,clear,1.9
2022-04-21,14.6,,50.1,1004.8,clouds,1.6
2022-04-22,16.7,,64.1,1003.3,clouds,2.3
2022-04-23,18.9,,55.3,1004,clouds,1.4
2022-04-24,19.7,,64.5,1003.3,clouds,1.8
2022-04-25,20.1,6.7,66,1002.7,rain,1.2
2022-04-26,18.8,21.3,79.1,995.4,rain,1.8
2022-04-27,17.2,,40.3,1006.6,clear,1.7
2022-04-28,17.8,,49.5,1007.7,clouds,2
2022-04-29,13.1,9.8,67.1,1007.9,rain,2.9
2022-04-30,13.7,,60.3,1009.7,clouds,2.2
2022-05-01,13.4,,51.5,1006.2,clear,2.1
2022-05-02,13.9,,49.6,1006,clear,2.4
2022-05-03,14.1,,45.3,1011.5,clear,1.9
2022-05-04,16.7,,44.9,1011.5,clear,2.1
2022-05-05,18.5,,49.8,1010.8,clear,1.6
2022-05-06,19.6,,64.3,1008.5,clear,1.5
2022-05-07,18.3,,56.1,1009.3,clouds,2.2
2022-05-08,17.1,0.9,49.8,1010.1,rain,2.8
2022-05-09,17.3,2.7,55.6,1009.9,rain,2.5
2022-05-10,19.2,,36.5,1008.1,clouds,2.5
2022-05-11,20,,48.3,1007,clouds,1.3
2022-05-12,21,,52.4,1003,clouds,1.2
2022-05-13,19,0.1,56.1,1000,rain,1.8
2022-05-14,15.7,,41.5,1005,clouds,2.7
2022-05-15,15.5,,38.9,1006.4,clouds,2.1
2022-05-16,16.6,,39.6,1004.6,clear,2.1
2022-05-17,20.4,,43,1005.8,clear,2.2
2022-05-18,22.4,,35.4,1008.9,clear,2.5
2022-05-19,20.7,,31.4,1009.4,clouds,2.2
2022-05-20,20.7,,51.6,1005.7,clouds,1.5
2022-05-21,20.8,,64,1001.8,clear,2
2022-05-22,21.1,,67,1000.4,clear,3
2022-05-23,22.6,,62.8,1004.5,clouds,2.2
2022-05-24,23.1,,49.6,1006,clear,1.9
2022-05-25,22.3,,54.1,1001,clouds,1.9
2022-05-26,19.4,4.5,55.9,997.3,rain,2.2
2022-05-27,21.5,,51.8,994.2,clear,2.9
2022-05-28,23.1,,42.8,998.3,clouds,2.5
2022-05-29,23.4,,50.3,997.2,clouds,1.6
2022-05-30,21.4,0.1,66.1,994.7,rain,2.1
2022-05-31,21.4,,39.5,1000.4,clear,1.9
2022-06-01,23.2,,33.6,998.4,clear,2.1
2022-06-02,22.5,,58,999.7,clear,2.1
2022-06-03,24.8,,58.6,1001.6,clouds,1.9
2022-06-04,25.1,,49,1001.9,clouds,3.4
2022-06-05,18.6,6.2,78.8,995.1,rain,3.1
2022-06-06,19.4,2.8,78.3,993.1,rain,2
2022-06-07,17.3,0.1,77.6,999.8,rain,2.4
2022-06-08,20.7,0.2,64.5,1003.6,rain,2.5
2022-06-09,22.4,,66.3,1005.2,clouds,1.6
2022-06-10,23.6,,61.4,1005.5,clouds,1.5
2022-06-11,24.3,,57.8,1004,clouds,2.1
2022-06-12,24.3,0.1,56,1004.4,rain,2.8
2022-06-13,23.1,0.1,54.3,1001.5,rain,3.6
2022-06-14,17.9,6.3,76,1000.9,rain,3.4
2022-06-15,19.8,36.5,80.1,998.7,rain,1.8
2022-06-16,22,0.1,61.6,1000.4,rain,1.8
2022-06-17,23.4,0.1,69.8,1000.3,rain,1.3
2022-06-18,25.2,0.1,69.3,999.8,rain,1.6
2022-06-19,25.1,,71.5,999.8,clouds,1.4
2022-06-20,26.8,,67.1,996.5,clouds,1.4
2022-06-21,28.1,,61.8,995.8,clear,1.5
2022-06-22,27.5,,61,999.4,clouds,2
2022-06-23,25.1,29.6,83.3,993.5,rain,2.2
2022-06-24,25,10.7,77.8,991.2,rain,2.7
2022-06-25,27.8,,68.1,997,clouds,2.4
2022-06-26,27.4,0.2,72.8,1001.3,rain,2.5
2022-06-27,28,3.6,71.8,1000.2,rain,3.2
2022-06-28,29.4,,60.1,996.6,clouds,5.2
2022-06-29,26.7,18.6,79.3,998,rain,3.3
2022-06-30,27.2,2.9,78.5,1003.1,rain,2.5
2022-07-01,28.6,,69,1006.4,clouds,1.5
2022-07-02,29.6,,65.9,1004.5,clouds,1.3
2022-07-03,28.1,38.7,73.1,1000.9,rain,1.4
2022-07-04,27.6,0.1,76.5,997.7,rain,1.2
2022-07-05,28.2,0.1,77.3,997.5,rain,1.3
2022-07-06,30.1,,69.3,999.5,clouds,2.1
2022-07-07,29.5,3.2,67.6,998.4,rain,3
2022-07-08,27.6,0.9,74.6,995.3,rain,1.8
2022-07-09,26.5,,75.6,995.3,clouds,1
2022-07-10,28.7,7.8,71.6,997.1,rain,1.3
2022-07-11,25.1,16.3,87.9,998.4,rain,1.2
2022-07-12,27,0.1,78.1,999.7,rain,1.4
2022-07-13,24.8,10.6,85.1,995.8,rain,2.6
2022-07-14,26,0.5,81.3,992.8,rain,2
2022-07-15,26.1,,70.1,992.5,clouds,1.7
2022-07-16,26.2,,68.9,991.3,clouds,2.1
2022-07-17,26,,71.1,993.3,clouds,1.8
2022-07-18,22.3,57.4,91.6,991.9,rain,1.8
2022-07-19,25,,81.3,995.4,clouds,1.5
2022-07-20,27.6,0.1,70.4,998.4,rain,1.3
2022-07-21,23.8,13.7,86.1,994.1,rain,2.3
2022-07-22,25.7,,69.8,998.3,clouds,1.6
2022-07-23,24.8,17.6,77.6,997.1,rain,1.7
2022-07-24,24.7,2.3,86.9,994.9,rain,1.6
2022-07-25,27.2,0.4,73.9,1000.9,rain,1.6
2022-07-26,28.4,,71.1,1001.6,clouds,1.4
2022-07-27,27.6,,65.9,1002,clouds,3.2
2022-07-28,28.2,,69.3,1003.1,clouds,3.2
2022-07-29,30.3,,65.3,1004.1,clear,2.8
2022-07-30,28.8,0.1,67.8,1001.6,rain,3.6
2022-07-31,25.9,25.6,87.6,998.2,rain,2
2022-08-01,27.6,4.4,82,997.9,rain,2.9
2022-08-02,27.9,1.1,78.9,1001.6,rain,2.3
2022-08-03,29.3,0.1,72.8,1002.9,rain,2.1
2022-08-04,29.2,,74.5,1002,clouds,1.7
2022-08-05,28.7,3.5,78.1,999,rain,1.8
2022-08-06,29.9,,71.8,998.7,clouds,1.8
2022-08-07,29.9,,74,999.2,clouds,2.3
2022-08-08,28.6,0.1,71.4,999.9,rain,3.1
2022-08-09,28,1.4,74.5,999.5,rain,3.1
2022-08-10,25.3,192.9,92.3,998.5,rain,2.2
2022-08-11,24.4,58.2,93.6,997.4,rain,2.3
2022-08-12,27.3,0.1,78.1,998.5,rain,1.2
2022-08-13,26,24,84.9,998.4,rain,1.3
2022-08-14,26.7,6.5,86.5,998.5,rain,1.6
2022-08-15,28.1,7,74.8,995.1,rain,3.5
2022-08-16,25.8,32.9,84.3,996.5,rain,2.1
2022-08-17,25.6,8.2,82.3,998.3,rain,1.2
2022-08-18,25.1,,75.8,1000,clouds,1.1
2022-08-19,26.4,0.1,79.6,996,rain,2
2022-08-20,27,83.6,82.3,994.7,rain,2
2022-08-21,27.5,,72.3,997.3,clouds,1.5
2022-08-22,27.3,,73,997,clouds,1.4
2022-08-23,23.8,30.2,89.9,998.3,rain,1
2022-08-24,22.7,0.2,77.9,1000.3,rain,3
2022-08-25,22.3,0.1,79.4,1000.1,rain,1.6
2022-08-26,22.9,,70.6,1000,clear,1.4
2022-08-27,21.6,,62.4,1002.7,clouds,2.1
2022-08-28,22.1,,60.8,1006.8,clouds,1.9
2022-08-29,19.6,4.5,79.3,1007.9,rain,2.1
2022-08-30,19.1,30.2,92.9,1002.8,rain,1.1
2022-08-31,21,7.2,90.3,1000.7,rain,1
2022-09-01,22.4,,80.1,1005.7,clouds,1.4
2022-09-02,22.6,,72,1007.8,clouds,3.2
2022-09-03,23.4,0.1,70.3,1006.2,rain,3.6
2022-09-04,24.5,0.1,78.9,1001.8,rain,2.9
2022-09-05,22.6,46.5,93.4,996.3,rain,1.6
2022-09-06,20.2,41.7,79.8,997.1,rain,3.6
2022-09-07,20.9,,66,1009.5,clouds,1.3
2022-09-08,22,,66.3,1010,clouds,1.2
2022-09-09,22.9,,63.3,1009.6,clouds,2
2022-09-10,22,,62.1,1009.6,clouds,2.5
2022-09-11,24,0.1,64.4,1006.8,rain,2
2022-09-12,22.9,1.6,83.5,1006.3,rain,1.2
2022-09-13,24.5,0.1,69.4,1007.4,rain,2.1
2022-09-14,25,0.1,47,1007.6,rain,4
2022-09-15,25.2,,62.8,1003.4,clouds,4.1
2022-09-16,25.4,0.3,71.8,1000.6,rain,3.6
2022-09-17,27.2,,73.1,1000,clouds,1.4
2022-09-18,27.3,,71.9,994.7,clouds,2.1
2022-09-19,24.5,,61.5,992.5,clouds,4.1
2022-09-20,19.2,,60.1,1005.4,clouds,2.2
2022-09-21,18.8,,59.3,1009.3,clear,2.5
2022-09-22,18.4,,58.9,1007.6,clouds,1.9
2022-09-23,17.7,0.1,67,1005.8,rain,2.2
2022-09-24,17.5,,60.6,1009.4,clouds,1.6
2022-09-25,18.5,,66.9,1008.5,clouds,1.1
2022-09-26,18.7,,67.6,1009,clouds,1.1
2022-09-27,19.4,,66.9,1007.7,clear,1.4
2022-09-28,19.2,,73.9,1006.2,clouds,1
2022-09-29,18.8,,74.9,1007.1,clear,1.2
2022-09-30,19.4,,67.3,1008.5,clear,1.1
2022-10-01,20.1,,63.9,1010,clear,1.1
2022-10-02,21.1,1,71,1008.6,rain,1.5
2022-10-03,22.8,26.3,84.6,1005.5,rain,2.2
2022-10-04,20,43.5,78.9,1005,rain,2.9
2022-10-05,16.2,0.1,67,1011.7,rain,1.4
2022-10-06,16.5,0.1,73.4,1010.9,rain,1.2
2022-10-07,15.8,0.1,65.1,1011.8,rain,2
2022-10-08,15.8,,61.5,1015.7,clear,2.9
2022-10-09,13,17.1,82.8,1010.3,rain,1.9
2022-10-10,10.9,1.4,66.1,1007.6,rain,2.9
2022-10-11,12,0.1,67.6,1013.8,rain,2
2022-10-12,13,,73.6,1018.3,clear,1.6
2022-10-13,15.1,,74,1016.5,clear,1.5
2022-10-14,15.9,,74.5,1012,clouds,1.3
2022-10-15,18.2,,72.1,1010.8,clouds,1
2022-10-16,17.7,,76.4,1010.2,clouds,1.4
2022-10-17,12.4,,51.3,1011.7,clouds,3
2022-10-18,8.8,,56.5,1015.1,clear,1.6
2022-10-19,9.2,,60.6,1018.4,clear,1.4
2022-10-20,11,,65.6,1019.9,clear,1.3
2022-10-21,12.2,,68,1016.9,clouds,1.1
2022-10-22,14.4,0.1,70.8,1013.2,rain,1.4
2022-10-23,13.1,,64.9,1011,clouds,1.7
2022-10-24,9.7,,55.4,1013.5,clear,1.9
2022-10-25,9.6,,60.8,1019.8,clear,1.4
2022-10-26,11.1,,63.9,1019.5,clouds,1.1
2022-10-27,12.5,,67.1,1017.6,clear,1.3
2022-10-28,13.2,,69.1,1017.8,clouds,1
2022-10-29,13.5,,68.5,1018,clear,1.2
2022-10-30,13.9,,65.3,1017.3,clear,1.6
2022-10-31,14.1,,63.9,1016.1,clouds,1.7
2022-11-01,12.5,,73.5,1014.1,clouds,1.5
2022-11-02,10.9,,60.5,1012.9,clear,1.4
2022-11-03,9.4,,60.3,1011.7,clouds,1.5
2022-11-04,5.9,,49.4,1015.3,clear,2.4
2022-11-05,6.1,,54,1017.5,clear,1.5
2022-11-06,8,,65.1,1016.7,clear,1.1
2022-11-07,9.6,,61.9,1015.4,clouds,0.9
2022-11-08,12,,64,1016.8,clouds,0.9
2022-11-09,10.3,,75.5,1017.6,clouds,1.1
2022-11-10,11.7,,67.5,1016.8,clear,1.1
2022-11-11,13.9,,64.4,1017.1,clear,1
2022-11-12,16.6,3.3,72,1008.6,rain,1.8
2022-11-13,11.6,2.5,76.3,1007.7,rain,2.3
2022-11-14,9.5,,73,1010.4,clouds,1.4
2022-11-15,8.3,1.7,69.4,1009.8,rain,1.6
2022-11-16,8.9,1.3,67.9,1012.6,rain,1.5
2022-11-17,8.9,,60.8,1016,clear,1.3
2022-11-18,9.1,,61.3,1017.9,clear,1.2
2022-11-19,11.1,,61.6,1014.4,clouds,1.6
2022-11-20,12.4,,63,1011.8,clouds,1
2022-11-21,11.7,,63,1013.4,clouds,1.2
2022-11-22,10.8,0.2,80,1012.4,rain,0.8
2022-11-23,10.6,,62.1,1009.7,clouds,1.6
2022-11-24,7.8,,62.8,1013.3,clouds,1.1
2022-11-25,9.5,,59.6,1010.5,clouds,1.3
2022-11-26,9.3,0.1,53.3,1010.2,rain,2.2
2022-11-27,6,,49.3,1012.7,clear,1.1
2022-11-28,7.3,30.1,83.3,1007.5,rain,1.1
2022-11-29,8.5,6.7,62,1008.8,rain,3
2022-11-30,-2.9,0.1,48.4,1023.3,snow,3.7
2022-12-01,-3.3,,37.5,1023.6,clouds,2
2022-12-02,-1.6,,53.3,1021.8,clear,1.2
2022-12-03,2.7,0.1,66.9,1017.5,snow,1.2
2022-12-04,-1.4,,38,1022.9,clouds,2.7
2022-12-05,-2.2,,33,1021.2,clouds,2
2022-12-06,0.8,0.3,65.6,1015.8,snow,1.5
2022-12-07,4.4,,59.4,1016,clouds,1.8
2022-12-08,3.5,,60.8,1017.9,clear,0.9
2022-12-09,4,,66.9,1014.6,clear,1.1
2022-12-10,1.7,0.1,69.9,1012.5,rain,1
2022-12-11,1.8,,52.8,1015,clear,1.4
2022-12-12,1.6,0.1,64,1012.6,rain,1.4
2022-12-13,1.7,4.9,75.3,1010.9,snow,2.9
2022-12-14,-7.3,0.1,62.6,1019.9,snow,2.4
2022-12-15,-1.4,1.6,70.9,1016.9,snow,1.8
2022-12-16,-4.3,,53.6,1021.9,clouds,1.4
2022-12-17,-6,0.9,62.1,1016.9,snow,1.8
2022-12-18,-8.4,,51.3,1015.4,clear,1.5
2022-12-19,-5.5,,57.1,1018.6,clear,1.4
2022-12-20,-2.3,,62.6,1018.2,clouds,1.1
2022-12-21,0.2,5.8,89.3,1004.1,snow,1
2022-12-22,-5.1,1.1,73.4,1002.2,snow,3
2022-12-23,-8,0.1,62.8,1005.5,snow,4
2022-12-24,-8.7,0.1,56.5,1012.5,snow,1.3
2022-12-25,-4.8,,65,1015.6,clear,1.4
2022-12-26,-3.6,,68.9,1018.1,clouds,0.9
2022-12-27,-2.3,,67.5,1021,clear,1.1
2022-12-28,-2.3,0.1,65.6,1022.1,snow,1.7
2022-12-29,-3.2,,61.8,1024.6,clouds,1.1
2022-12-30,-1.1,0.1,67.3,1023.7,snow,1.2
2022-12-31,-1.1,0.1,65.8,1022.8,snow,0.9
2022-01-01,-2.3,,36,1023.2,clouds,1.6
2022-01-02,0.6,,47.3,1019.2,clouds,1.7
2022-01-03,-0.2,,50.1,1018.7,clouds,1.6
2022-01-04,1.9,,39.4,1019.5,clear,2
2022-01-05,0.6,,43.9,1020.3,clouds,0.8
2022-01-06,2.9,,38.5,1020.2,clear,2.3
2022-01-07,0.1,,42.8,1022.1,clear,1.1
2022-01-08,1.4,,43.4,1017.2,clouds,1.7
2022-01-09,2,,65.9,1015.3,clouds,0.9
2022-01-10,3,,61.8,1012.8,clouds,1.4
2022-01-11,-0.9,0.1,44.9,1010.6,snow,5
2022-01-12,-3.2,,42.1,1014.6,clear,3.6
2022-01-13,-2.8,0.1,42.3,1012.6,snow,5
2022-01-14,-2.6,,35.3,1018,clear,2.6
2022-01-15,1,,43.3,1016.1,clouds,1.3
2022-01-16,1.9,0.1,47.6,1016.2,rain,2.8
2022-01-17,-0.4,,49.1,1018.7,clouds,4.2
2022-01-18,-2.5,,32.3,1020.4,clear,2.9
2022-01-19,-0.7,0.1,47.6,1016.8,snow,2.1
2022-01-20,-1.1,,46.3,1020.5,clear,2
2022-01-21,-1,,51.3,1023.6,clear,1
2022-01-22,2.3,,63.1,1019.8,clouds,1.1
2022-01-23,6.4,,62.3,1014.3,clouds,1.5
2022-01-24,4.9,,61,1016,clouds,2.7
2022-01-25,4.5,0.1,66.6,1014.8,rain,1.3
2022-01-26,3.8,,55.4,1017.1,clouds,2.6
2022-01-27,3.2,,45.6,1016.5,clouds,1.9
2022-01-28,2.3,,32.5,1016.1,clouds,3.2
2022-01-29,1,,34.3,1013.8,clouds,3.4
2022-01-30,1.1,,34.5,1013.9,clear,2.6
2022-01-31,1.3,,33.5,1016.9,clear,2.1
2022-02-01,1.9,,50.3,1017.6,clouds,3.8
2022-02-02,0.7,,45.1,1020.2,clouds,3.3
2022-02-03,0.4,,41.6,1018.9,clear,2.7
2022-02-04,-0.6,,43.9,1016.7,clouds,4.4
2022-02-05,-3,,45.4,1017.7,clouds,5.6
2022-02-06,-1.1,,43.6,1020.4,clear,4.4
2022-02-07,0.2,,37.5,1020.6,clouds,3
2022-02-08,1.5,,43.8,1020,clear,2.1
2022-02-09,2.6,,50.8,1018.3,clouds,1
2022-02-10,5.3,,41.1,1015.1,clear,1.9
2022-02-11,3.5,,43,1018.7,clouds,1.3
2022-02-12,4.8,,53,1018,clouds,2.1
2022-02-13,5.4,,73.3,1014.9,clouds,1.9
2022-02-14,7.3,,59.9,1012.7,clouds,1.8
2022-02-15,0.4,,46.5,1012.6,clouds,5.1
2022-02-16,-3.6,,44.5,1015,clouds,5
2022-02-17,-4.3,,37.1,1020.3,clear,3.1
2022-02-18,-0.8,,42.9,1023,clouds,1.1
2022-02-19,2.4,,49,1015.1,clouds,2.3
2022-02-20,-2.2,0.1,36.1,1017.8,snow,4.5
2022-02-21,1.2,,43.4,1020.9,clouds,3.4
2022-02-22,-0.4,0.1,38.5,1023.5,snow,4.4
2022-02-23,-2.3,,32,1024.3,clouds,3.5
2022-02-24,0.5,,30.6,1022.6,clear,3.7
2022-02-25,5,,41.9,1019.7,clear,2.9
2022-02-26,6.8,0.1,52.5,1012.3,rain,2.5
2022-02-27,6.3,,32.4,1014.8,clear,3.5
2022-02-28,7,,34.3,1014.7,clouds,1.2
2022-03-01,9.9,0.1,51.9,1007.3,rain,2.5
2022-03-02,6.2,,41.5,1010.1,clear,3.7
2022-03-03,7.7,,39.4,1011.3,clear,1.8
2022-03-04,8.8,,50.4,1007,clouds,1.8
2022-03-05,6.9,,30.9,1006.9,clear,5.3
2022-03-06,4,,30.3,1013.6,clear,3.5
2022-03-07,5.2,,37,1013.5,clouds,1.6
2022-03-08,8.1,,36.4,1012,clear,1.3
2022-03-09,9.1,,49.9,1014.9,clear,1.6
2022-03-10,10.5,,59.6,1014.4,clouds,1.4
2022-03-11,12.5,,57.6,1011.7,clouds,1.3
2022-03-12,14.7,,67.6,1009.7,clouds,1.8
2022-03-13,15.1,2.1,87.1,1005.3,rain,1.5
2022-03-14,10.8,,84.9,1005.8,clouds,3.9
2022-03-15,11.7,,53.6,1007.1,clouds,1.8
2022-03-16,14.4,,45.3,1008.9,clouds,1.5
2022-03-17,8.8,6.1,84.1,1014,rain,4.6
2022-03-18,6.1,8.5,83.4,1005.1,rain,4.2
2022-03-19,4.9,4.2,83.8,1003.4,rain,1.8
2022-03-20,6.6,,69.8,1012.1,clouds,1.6
2022-03-21,8.3,,53.1,1016.4,clouds,2
2022-03-22,8.7,,48.8,1014.8,clouds,3
2022-03-23,6.8,0.1,66.6,1011.8,rain,1.7
2022-03-24,9.1,,60.6,1013.9,clouds,1.1
2022-03-25,13.5,1.6,67.6,1011.1,rain,1.9
2022-03-26,14.7,11.7,80.9,996.4,rain,3.8
2022-03-27,13.1,,39.3,1007.9,clear,3.7
2022-03-28,9,,45.5,1019.4,clear,2.2
2022-03-29,10.8,,51.6,1018.3,clear,1.3
2022-03-30,14.8,,57,1013.7,clouds,1.7
2022-03-31,10.5,0.1,74,1017.1,rain,4.8
2022-04-01,8.8,0.3,64.4,1022.5,rain,2.1
2022-04-02,10.2,,50,1020.3,clear,1.5
2022-04-03,11.3,,50.9,1020.7,clear,1.7
2022-04-04,13.2,,49.6,1020.3,clear,1.4
2022-04-05,14.4,,35.3,1014.8,clouds,2
2022-04-06,16,,35.6,1013.3,clear,2.2
2022-04-07,14.4,2.4,49.3,1010.5,rain,2.7
2022-04-08,15.7,,41.4,1012.7,clear,1.6
2022-04-09,18.6,,48.5,1009.2,clear,1.7
2022-04-10,19.5,,50.6,1010.2,clouds,1.6
2022-04-11,20.3,,66.3,1007.5,clear,1.7
2022-04-12,22.5,,64.5,1004.1,clouds,1.4
2022-04-13,12.2,,80.1,1009.6,clouds,5.4
2022-04-14,10.9,0.1,72.4,1012.4,rain,3.7
2022-04-15,12.1,,59.8,1010.9,clouds,3.2
2022-04-16,13.5,,45.3,1010.7,clear,1.9
2022-04-17,15.6,,36.9,1011.3,clear,1.8
2022-04-18,18.1,,33.3,1010.8,clouds,2
2022-04-19,18.4,,31.4,1010.2,clear,2.2
2022-04-20,18.2,,35.5,1009.1,clear,1.6
2022-04-21,14.3,0.2,60.3,1007.1,clouds,1.1
2022-04-22,19,,64,1004.4,clouds,2.1
2022-04-23,19.1,,58.9,1006.3,clouds,2.6
2022-04-24,22,,52.4,1004,clouds,1.8
2022-04-25,21.7,2.5,58.4,1004.7,rain,1.7
2022-04-26,18.3,20.3,94.4,996.8,rain,1.6
2022-04-27,17.2,,59.6,1008.4,clear,3.7
2022-04-28,15.7,,67,1010.9,clouds,3.7
2022-04-29,11.3,12.8,80.6,1010.3,rain,2.6
2022-04-30,14.5,,60.4,1010.9,clouds,2.1
2022-05-01,15.2,,39.4,1007,clear,3.2
2022-05-02,13.1,1.2,55.8,1007.7,rain,2.1
2022-05-03,15.2,,59.6,1012.8,clear,1.5
2022-05-04,19,,49,1012.7,clear,1.7
2022-05-05,20,,51.5,1012.4,clear,1.5
2022-05-06,21.2,,58.3,1009.6,clouds,1.5
2022-05-07,18.9,,66.5,1010.6,clouds,3.7
2022-05-08,16.4,,59.9,1012.8,clouds,3.7
2022-05-09,16.2,0.4,55.5,1012.5,rain,3
2022-05-10,16.5,,56.3,1011,clouds,2.9
2022-05-11,20.7,0.1,57.4,1008.5,rain,1.7
2022-05-12,20.2,,63.1,1005.2,clouds,3.1
2022-05-13,15.7,2.6,86.4,1002.2,rain,3
2022-05-14,17.9,,50,1005.1,clouds,3.1
2022-05-15,17.1,,42.1,1007,clouds,2.4
2022-05-16,18.5,,38.5,1005.8,clear,2
2022-05-17,20.4,,42.3,1007.9,clear,1.5
2022-05-18,23.3,,42.8,1010.6,clear,2.1
2022-05-19,23,,36.9,1010.6,clouds,2
2022-05-20,22.8,,43.3,1006.9,clouds,1.9
2022-05-21,23.7,,51.5,1002.1,clear,3.1
2022-05-22,24.8,,45.6,1000.9,clear,3.7
2022-05-23,24.3,,53.9,1005.5,clouds,2.1
2022-05-24,26.4,,45.5,1006.5,clear,2
2022-05-25,25.5,,54.9,1001.5,clouds,1.8
2022-05-26,22.9,,41.6,997.8,clear,3.4
2022-05-27,23.8,,37.3,994.8,clear,4.1
2022-05-28,24.9,,39,999.4,clouds,1.9
2022-05-29,24.9,,40.5,999.1,clouds,1.7
2022-05-30,24.3,0.1,53.8,995.3,rain,2.1
2022-05-31,24.7,,39.4,1001.1,clear,2.9
2022-06-01,24.7,,39.6,999.9,clear,1.7
2022-06-02,26.1,,44.5,1000.2,clear,2.3
2022-06-03,23.5,,61.5,1004.2,clouds,3.9
2022-06-04,22.1,,67,1005.5,clouds,3.7
2022-06-05,18,32.2,92.5,998.1,rain,2.7
2022-06-06,18.7,0.8,84.6,994.9,rain,1.9
2022-06-07,16.5,1.1,85.1,1002.8,rain,2.9
2022-06-08,17.5,0.1,77.8,1006.6,rain,2.5
2022-06-09,20.4,,70.5,1007.6,clouds,2
2022-06-10,22.7,,67.1,1007.7,clouds,1.5
2022-06-11,21.4,,74,1006.7,clouds,3.4
2022-06-12,20.7,,73.1,1007.7,clouds,3.2
2022-06-13,19.9,,75.6,1004.9,clouds,4.2
2022-06-14,16.9,3.1,92.4,1003.4,rain,2.7
2022-06-15,19.7,3.7,88.6,1000.9,rain,1
2022-06-16,23.2,,69.6,1001.3,clouds,1.8
2022-06-17,25.9,,63.9,1001.6,clouds,1.5
2022-06-18,27.9,,65.3,1000.5,clouds,2.1
2022-06-19,28.9,,63.1,1000.5,clouds,2.2
2022-06-20,28.6,2.2,69.8,997.9,rain,1.9
2022-06-21,27.8,,72.6,997.5,clear,2.3
2022-06-22,29.9,,65,1000.3,clouds,1.6
2022-06-23,27.9,0.2,72.8,996.7,rain,2
2022-06-24,28.1,32.4,70,992.4,rain,3.1
2022-06-25,28.2,,67,999.6,clouds,2.4
2022-06-26,28.4,,72.1,1004.3,clouds,1.7
2022-06-27,27.3,5.4,86.3,1003.9,rain,1.8
2022-06-28,28.9,0.7,71.3,1000.6,rain,2.6
2022-06-29,29.5,0.1,68.5,1001,rain,2.4
2022-06-30,29.8,,68,1005.4,clouds,1.9
2022-07-01,29.8,,68.6,1008.4,clouds,1.4
2022-07-02,29.9,,63.9,1006.6,clouds,2
2022-07-03,29.3,1,69.6,1002.8,rain,1.6
2022-07-04,28.8,0.1,72.5,999.7,rain,1.4
2022-07-05,28.8,0.1,72.1,999.4,rain,1.8
2022-07-06,28.5,2.9,81.4,1002.5,rain,2.3
2022-07-07,29.7,,74.3,1001.7,clouds,2.2
2022-07-08,28.5,17.2,84.6,996.5,rain,1.3
2022-07-09,28.7,,71.3,996,clouds,2.3
2022-07-10,28.1,,76.5,999.5,clouds,2.7
2022-07-11,26.4,9.5,86.6,1000.2,rain,1.4
2022-07-12,25.6,,75.3,1002.9,clouds,3.8
2022-07-13,24.4,15.2,85.6,999.9,rain,2.2
2022-07-14,28.2,,77.5,993.6,clouds,1.7
2022-07-15,28.3,,64.5,993.3,clouds,1.9
2022-07-16,26.8,,71,992.6,clouds,1.9
2022-07-17,27.3,,68.6,994.7,clouds,1.9
2022-07-18,22.9,34,95.6,994.6,rain,1.5
2022-07-19,27.6,0.2,74.4,996.1,rain,1.5
2022-07-20,29.4,,62.5,999.9,clouds,2.2
2022-07-21,26,5,80.9,995.7,rain,2.8
2022-07-22,25.8,,71.6,999.5,clouds,2.9
2022-07-23,24.9,0.1,82,1000.2,rain,2.1
2022-07-24,27.4,1.1,77.6,996.9,rain,2.2
2022-07-25,28.8,,72.6,1002.1,clouds,2.1
2022-07-26,26.9,,79.4,1004.2,clouds,2.9
2022-07-27,25.6,,79.5,1005.2,clouds,3.3
2022-07-28,26.2,0.1,85.5,1006.3,rain,2.9
2022-07-29,28.7,,77.8,1006.9,clear,3.3
2022-07-30,27.8,0.1,83.9,1004.3,rain,4
2022-07-31,27.1,2.7,92,1001.7,rain,2.5
2022-08-01,29.4,0.1,76.6,1001.6,rain,2.2
2022-08-02,27.9,4.7,91.8,1004.4,rain,1
2022-08-03,30.6,0.5,78.8,1004.3,rain,2.1
2022-08-04,30.7,0.1,75.9,1003.2,rain,2.4
2022-08-05,30.8,,75,1000.4,clouds,1.9
2022-08-06,31.6,,72,999.8,clouds,1.7
2022-08-07,31.5,,71.9,1001.1,clouds,1.8
2022-08-08,30.5,,69.8,1002,clouds,2.1
2022-08-09,29.8,0.1,69.8,1001.8,rain,1.7
2022-08-10,28.2,0.3,80.1,1001,rain,1.2
2022-08-11,26.5,4.1,90.9,999.7,rain,0.9
2022-08-12,29.7,3.2,77.1,999.7,rain,1.6
2022-08-13,26.4,6.6,92.4,1000.6,rain,1.5
2022-08-14,29.8,0.1,80.1,1000.4,rain,1.6
2022-08-15,30.9,0.1,69.6,997.3,rain,1.9
2022-08-16,25.7,39.8,94.9,998.6,rain,1.1
2022-08-17,25.7,22.8,89.4,1000.4,rain,2.2
2022-08-18,26.8,,77.3,1001.6,clouds,1.2
2022-08-19,28.2,,80.5,998,clouds,1.5
2022-08-20,26.4,10.3,95.1,996.8,rain,1.6
2022-08-21,26,,75.3,999.9,clouds,3.2
2022-08-22,26.8,,75.6,998.8,clouds,1.4
2022-08-23,25.4,6.8,89.9,1000.1,rain,1.5
2022-08-24,21.5,4.6,94.4,1003.1,rain,2.7
2022-08-25,24.5,0.1,78.6,1001.3,rain,1.4
2022-08-26,25.1,0.1,64.6,1001.1,rain,2.2
2022-08-27,23.2,,68,1003.5,clouds,1.7
2022-08-28,21.4,,72.1,1009.4,clouds,2.4
2022-08-29,21.5,0.1,81.4,1009.8,rain,1.1
2022-08-30,20.9,26.2,92.3,1005.1,rain,1.5
2022-08-31,21.3,13.3,95.6,1002.2,rain,1.2
2022-09-01,21.6,,88.4,1007.7,clouds,1.5
2022-09-02,21.5,0.3,91.1,1010.1,rain,1.9
2022-09-03,22.2,0.1,91.9,1009,rain,3.1
2022-09-04,25.4,0.4,89.5,1004.6,rain,2.7
2022-09-05,24.9,31.7,96,998.4,rain,2.6
2022-09-06,22.6,81.1,81,995.6,rain,4.2
2022-09-07,22.4,,69.1,1010.5,clouds,1.5
2022-09-08,21.7,,73,1011.9,clouds,2.2
2022-09-09,21.5,,76.6,1012.1,clouds,2.6
2022-09-10,21,,81.4,1011.9,clouds,1.9
2022-09-11,22.7,,80.4,1009.3,clouds,2.4
2022-09-12,21.7,0.3,91.5,1008.7,rain,1.4
2022-09-13,23.7,0.1,77.9,1010,rain,3.2
2022-09-14,23.4,0.1,77,1010.7,rain,4.1
2022-09-15,23.5,,78.8,1007.3,clouds,4.6
2022-09-16,24.7,,84.9,1003.8,clouds,2.9
2022-09-17,26.2,0.3,84.9,1002.2,rain,1.5
2022-09-18,26.6,0.1,83.1,995.7,rain,2.2
2022-09-19,25.1,0.1,72.9,991.8,rain,3.1
2022-09-20,19.2,,69.1,1007.5,clouds,3.2
2022-09-21,17.2,,75.3,1012.1,clear,2.3
2022-09-22,18.6,,78.6,1009.6,clouds,1.7
2022-09-23,20.8,,70.4,1006.4,clouds,2.6
2022-09-24,19.2,,59.5,1010.3,clouds,2.6
2022-09-25,18.6,,77.8,1010.5,clouds,1.2
2022-09-26,18.5,,88,1010.7,clouds,0.9
2022-09-27,20.3,,81.8,1009.8,clear,2.1
2022-09-28,19.4,,81.3,1008,clouds,0.9
2022-09-29,20.8,,72.8,1008.2,clear,0.9
2022-09-30,21.6,,68.1,1009.8,clear,0.9
2022-10-01,21.6,,62.8,1011.5,clouds,1.2
2022-10-02,22.2,,69.1,1011.6,clouds,1.7
2022-10-03,24.9,3.9,82.4,1008.4,rain,1.3
2022-10-04,21.5,18,88.6,1006.2,rain,2.9
2022-10-05,17,,81.4,1013.7,clouds,3.3
2022-10-06,18.2,0.3,81.8,1012.1,rain,1.4
2022-10-07,16.6,0.1,74.6,1012.7,rain,2.8
2022-10-08,14.9,,75.6,1018.5,clear,2.4
2022-10-09,14.4,3.1,88.8,1011.8,rain,1.3
2022-10-10,13.7,0.1,64.3,1007.5,rain,4.9
2022-10-11,13.6,,67.9,1014.2,clear,3.4
2022-10-12,14,,79.1,1020.3,clear,1.8
2022-10-13,16.1,,77.8,1018.5,clear,1.9
2022-10-14,16.1,,81.4,1014.1,clouds,1.9
2022-10-15,17.8,,80.8,1013.1,clouds,2.1
2022-10-16,19.2,,74.5,1011.5,clouds,1.4
2022-10-17,16,,55.3,1011.1,clouds,3.8
2022-10-18,11.7,,52.3,1015.6,clear,3.1
2022-10-19,10.8,,56.9,1019.1,clear,2.1
2022-10-20,12,,62.4,1021.2,clear,0.9
2022-10-21,14.5,,63.5,1018.2,clouds,1.1
2022-10-22,16.6,0.3,64.9,1013.8,rain,1.5
2022-10-23,15.3,,72.4,1011.5,clouds,2
2022-10-24,12.3,,58.3,1014,clear,2.5
2022-10-25,11.2,,69.6,1021.3,clear,1.6
2022-10-26,12.2,,73.1,1021.4,clouds,0.9
2022-10-27,14.5,,65.1,1018.5,clear,1.2
2022-10-28,13.1,,77.9,1019.9,clouds,2
2022-10-29,13.6,,79.8,1020.6,clear,1.8
2022-10-30,13.3,,80.4,1019.9,clear,2.1
2022-10-31,13.1,,72.5,1018.4,clouds,1.6
2022-11-01,14.2,,68.4,1015,clouds,1.5
2022-11-02,13.1,,62.9,1013.9,clear,1.1
2022-11-03,12.5,,56.4,1012,clouds,2
2022-11-04,9.3,,43.4,1015,clear,3.5
2022-11-05,9.1,,37.3,1018.1,clear,2.4
2022-11-06,8.9,,60.6,1018.2,clear,1
2022-11-07,9.7,,62.4,1016.9,clouds,1
2022-11-08,10.9,,65.4,1018.5,clouds,1.1
2022-11-09,11.7,,65.3,1018.6,clouds,1.1
2022-11-10,13.3,,62.3,1018.4,clear,1.2
2022-11-11,14,,74.3,1019.9,clear,1.2
2022-11-12,17,0.1,78.6,1012.1,rain,1.2
2022-11-13,15.9,16.3,76.6,1007.7,rain,3
2022-11-14,11.6,,68.5,1011.5,clouds,1.5
2022-11-15,10,,62,1011,clouds,2.6
2022-11-16,10.3,0.4,69.3,1014.1,rain,1.5
2022-11-17,9.4,,64.6,1017.7,clear,0.9
2022-11-18,9.6,,64.4,1019.9,clear,0.9
2022-11-19,11.2,,74.4,1016.9,clouds,1.6
2022-11-20,12.8,,78.8,1013.9,clouds,0.8
2022-11-21,12.5,,75.8,1014.9,clouds,0.8
2022-11-22,12.5,0.4,77.1,1013.9,rain,0.9
2022-11-23,13,0.7,75,1009.8,rain,2.2
2022-11-24,8.7,,65.1,1014.7,clouds,0.8
2022-11-25,9.2,,69.9,1012.7,clouds,1.1
2022-11-26,10.9,,53.8,1010.5,clear,2.3
2022-11-27,7.7,,46.1,1015,clear,0.8
2022-11-28,10.5,11,73.9,1010.6,rain,1.1
2022-11-29,12.3,17.7,71.6,1007.3,rain,3.6
2022-11-30,-0.4,,41,1022.2,clouds,5.2
2022-12-01,-1,,39.1,1024.2,clouds,3.4
2022-12-02,0.3,,52.8,1023.5,clear,2.3
2022-12-03,4.4,,64.5,1019,clouds,1.5
2022-12-04,3.1,,38.1,1022,clouds,3.6
2022-12-05,1.2,,33.5,1020.9,clouds,3.3
2022-12-06,1.9,,57.8,1017.1,clouds,1.6
2022-12-07,4.4,,65.3,1017,clouds,1.7
2022-12-08,4.5,,68.3,1019.1,clear,1
2022-12-09,4.4,,76.5,1016.4,clear,0.9
2022-12-10,4.7,0.1,71.1,1013.2,rain,1.4
2022-12-11,4.8,,58.1,1015.4,clear,2
2022-12-12,4.1,1.1,77.1,1013.6,rain,1.3
2022-12-13,5.2,0.1,69.5,1010.9,snow,3.7
2022-12-14,-3.9,0.1,66.3,1019.9,snow,4.2
2022-12-15,-0.1,,67.5,1018.7,clouds,1.4
2022-12-16,0.2,,45.3,1021.6,clouds,3.5
2022-12-17,-2.5,0.1,55.5,1017.4,snow,3
2022-12-18,-5.6,,59.6,1016.1,clear,3.5
2022-12-19,-3.7,,65.6,1019.7,clear,1.8
2022-12-20,-0.8,,68.3,1019.9,clouds,1.2
2022-12-21,0.3,2.5,92.8,1006.2,snow,1.1
2022-12-22,-2.5,0.1,70.4,1001.9,snow,4.4
2022-12-23,-5.7,,60.1,1004.2,clouds,5.4
2022-12-24,-4.8,,63.3,1011.9,clear,2.4
2022-12-25,-1.6,,65.6,1015.2,clear,2.4
2022-12-26,-1.1,,65.8,1018.4,clouds,1.8
2022-12-27,0,,62.3,1021.2,clear,1.7
2022-12-28,1,,68.4,1022.3,clear,2.6
2022-12-29,-0.3,,63.9,1025.5,clouds,3
2022-12-30,0.2,,72,1024.6,clouds,1.5
2022-12-31,1.2,,66.5,1023.6,clouds,3.2
2022-01-01,-0.6,,19.6,1018.5,clouds,2.1
2022-01-02,3.4,,30.5,1014.6,clear,1.8
2022-01-03,2.8,,24.1,1013.7,clouds,2.4
2022-01-04,3.1,,31.5,1015.1,clouds,1.9
2022-01-05,3.5,0.2,52.8,1015.9,rain,1.9
2022-01-06,4.7,,41.1,1015.3,clear,2.3
2022-01-07,3.9,,31,1017.4,clear,1.7
2022-01-08,4.6,,25.5,1012.3,clear,2.3
2022-01-09,5.5,,52.8,1010.9,clouds,2
2022-01-10,6.2,,57.8,1008.3,clouds,1.9
2022-01-11,0.2,,33.8,1004.8,clear,3.5
2022-01-12,-1.9,,27.6,1008.6,clear,3.5
2022-01-13,-1.9,,31.9,1007.4,clear,3.2
2022-01-14,-2.1,,27.1,1013.1,clear,2.1
2022-01-15,2.8,,26.8,1011.7,clouds,1.6
2022-01-16,3,,41.6,1011.3,clear,1.7
2022-01-17,0.5,,34.3,1013.8,clouds,2.5
2022-01-18,-1.8,,24.4,1015.7,clear,2.4
2022-01-19,0.9,,34.9,1012.1,clouds,2.3
2022-01-20,-0.1,,57.1,1015.8,clear,2.8
2022-01-21,2.2,,54,1019.3,clear,1.8
2022-01-22,4.6,,65.1,1015.9,clouds,1.1
2022-01-23,7.2,0.1,72.5,1010.5,rain,1.7
2022-01-24,5.2,0.7,62.8,1012,rain,2.9
2022-01-25,5.9,0.1,63.3,1010.6,rain,1.5
2022-01-26,4.7,,49,1012.4,clear,2.7
2022-01-27,4.7,,35.6,1011.8,clear,2.3
2022-01-28,3.4,,21.6,1010.7,clouds,2.2
2022-01-29,2.1,,21.9,1008.4,clouds,2.9
2022-01-30,1.7,,26.5,1009,clouds,2.7
2022-01-31,2,,25.5,1012.2,clear,2.1
2022-02-01,2.3,,42,1012.8,clouds,2.2
2022-02-02,1.2,,38.1,1015.1,clouds,3
2022-02-03,1.6,,30.8,1013.9,clouds,3
2022-02-04,0.6,,32.5,1011.4,clear,2.7
2022-02-05,-2,,34,1012.6,clear,2.9
2022-02-06,-0.5,,33.1,1015.6,clear,3
2022-02-07,1.3,,28.6,1015.8,clouds,2.2
2022-02-08,2.7,,27.1,1015.4,clouds,2.6
2022-02-09,4.2,,44.8,1014.1,clouds,1.9
2022-02-10,6.3,,40.1,1010.8,clouds,2.1
2022-02-11,5.2,,39.5,1014.6,clear,1.9
2022-02-12,6.7,,46.1,1014.1,clouds,2.3
2022-02-13,6.4,0.4,75.9,1010.9,rain,1.9
2022-02-14,7.6,1.8,74.6,1008.6,rain,1.8
2022-02-15,1.9,,39.3,1007.2,clear,2.3
2022-02-16,-2.6,,34.6,1009.7,clear,3
2022-02-17,-3.6,,25.3,1015.5,clear,2.9
2022-02-18,1.7,,45.3,1018.7,clouds,1.9
2022-02-19,4,,47.9,1010.5,clouds,2.2
2022-02-20,-1.4,,25.9,1012.3,clear,3.9
2022-02-21,0.9,,35.6,1016.7,clear,2.2
2022-02-22,0.2,,25.8,1018.8,clouds,2.5
2022-02-23,-1,,25.5,1019.1,clouds,2.6
2022-02-24,1,,20.4,1017.5,clear,2.7
2022-02-25,5.6,,30.4,1015.1,clear,2.9
2022-02-26,7.8,,39.3,1008.5,clear,2.5
2022-02-27,7.3,,23.4,1010.3,clear,2.9
2022-02-28,9,,25,1010.9,clouds,1.8
2022-03-01,11.3,0.1,61.1,1002.9,rain,2
2022-03-02,7,,33.9,1005.3,clear,2.4
2022-03-03,8.2,,36.1,1007.2,clear,2.3
2022-03-04,9.8,,46.3,1003.5,clouds,2.7
2022-03-05,8.4,,21.9,1001.6,clear,3.3
2022-03-06,3.8,,30.8,1009.4,clear,3.1
2022-03-07,5.6,,48.1,1009.6,clouds,1.6
2022-03-08,8.4,,39.9,1008,clear,2.1
2022-03-09,9.4,,56.8,1011.3,clear,2.2
2022-03-10,11.4,,55.4,1010.5,clouds,1.7
2022-03-11,13.7,,63.1,1007.7,clouds,1.7
2022-03-12,14.3,,73.3,1006.9,clouds,1.9
2022-03-13,15.1,4.6,86.3,1002.4,rain,2.8
2022-03-14,10.8,0.1,89,1002.4,rain,1.3
2022-03-15,10.3,,63.3,1003.6,clouds,2.3
2022-03-16,13.1,,50.1,1005.4,clear,1.2
2022-03-17,9.2,7.8,83.4,1010.7,rain,2.7
2022-03-18,6.4,15.2,86.4,1001.1,rain,3.4
2022-03-19,4.5,7,90.6,999.6,rain,1.9
2022-03-20,6.4,0.1,78.1,1008.3,rain,1.5
2022-03-21,8,,59.9,1012.9,clouds,2.3
2022-03-22,8,,57.3,1011.1,clouds,2.4
2022-03-23,7.6,,61.5,1007.4,clouds,1.6
2022-03-24,10.3,,50.4,1010.1,clear,1.8
2022-03-25,13.6,0.2,69.3,1008.4,rain,2.6
2022-03-26,15.6,20.5,76.6,992.9,rain,3.1
2022-03-27,13.9,,38.6,1003.5,clouds,2.3
2022-03-28,8.2,,41.5,1016,clouds,2.4
2022-03-29,10,,59.4,1015,clear,1.6
2022-03-30,14,,69.1,1010.1,clouds,1.7
2022-03-31,9.7,0.1,75.4,1013.9,rain,2.5
2022-04-01,8.2,,53.1,1019,clouds,2.8
2022-04-02,9.2,,59.3,1016.9,clear,2
2022-04-03,10.4,,56.6,1017.5,clear,1.9
2022-04-04,11.7,,63.4,1016.8,clear,1.8
2022-04-05,14.3,,43.3,1010.5,clouds,1.6
2022-04-06,14.6,,35,1009.8,clear,2.1
2022-04-07,15,0.6,41,1006,rain,1.8
2022-04-08,13.6,,54.5,1009.5,clear,1.9
2022-04-09,18.8,,38.9,1005.6,clear,2.2
2022-04-10,18.7,,51,1006.5,clouds,1.8
2022-04-11,19.4,,70.8,1004.3,clouds,2.3
2022-04-12,19,,76.3,1000.8,clear,1.4
2022-04-13,11.2,0.1,86.5,1007,rain,2.8
2022-04-14,9.9,0.5,83.6,1008.8,rain,3.4
2022-04-15,10.8,0.1,59.6,1007.6,rain,3.2
2022-04-16,11.1,,54,1007.4,clouds,2.3
2022-04-17,14.5,,38.4,1007.3,clouds,1.6
2022-04-18,16.9,,24.9,1007,clouds,1.7
2022-04-19,16.8,,36.3,1006.7,clear,1.7
2022-04-20,18.5,,25.4,1005.7,clear,2
2022-04-21,14.2,2.2,67.8,1003.7,rain,1.3
2022-04-22,18.1,,61.8,1001,clear,3
2022-04-23,17.1,,61,1003.4,clouds,2.1
2022-04-24,18.1,,70.1,1000.6,clear,1.1
2022-04-25,20.6,0.1,62.5,1001.7,rain,1.3
2022-04-26,18,53,95.5,993.1,rain,1
2022-04-27,16.1,,66.1,1005.2,clouds,2.5
2022-04-28,14.5,,67.6,1008.2,clouds,2.3
2022-04-29,10.5,24.6,85.6,1006.2,rain,3.2
2022-04-30,12.3,,75.9,1007.5,clouds,1.8
2022-05-01,13.8,,48,1003.2,clear,2
2022-05-02,12.2,6.1,59.3,1004.4,rain,1.8
2022-05-03,13.9,,67,1009,clear,1.9
2022-05-04,17.8,,50.9,1008.8,clear,1.6
2022-05-05,18,,59.8,1009,clear,1.2
2022-05-06,18.8,,71.9,1006.5,clear,1.2
2022-05-07,17.5,,67.5,1007.2,clouds,2.2
2022-05-08,14.5,,62.3,1010.1,clouds,2.3
2022-05-09,15.1,0.1,59,1009.2,rain,2.2
2022-05-10,15.3,,65,1008.2,clouds,2.3
2022-05-11,18.5,0.1,73.9,1005.4,rain,1.1
2022-05-12,18.6,,77.8,1002.2,clouds,1.5
2022-05-13,15.8,0.1,83,998.9,rain,1.9
2022-05-14,18,,46.3,1000.8,clouds,1.9
2022-05-15,15.8,,46.3,1003.6,clouds,2.5
2022-05-16,17.1,,46,1002.2,clouds,1.9
2022-05-17,19.7,,38.3,1004.5,clear,1.6
2022-05-18,22.3,,37.3,1007.3,clear,2.1
2022-05-19,22.4,,32.1,1007.2,clouds,2
2022-05-20,20.5,,51,1003.3,clouds,1.5
2022-05-21,21.5,,55.3,998.2,clear,1.8
2022-05-22,23.1,,48.1,997.2,clear,2.4
2022-05-23,20.5,,66.4,1002.9,clouds,1.3
2022-05-24,22.8,,62.5,1003.4,clear,1.2
2022-05-25,23,,59.4,998.4,clouds,1.8
2022-05-26,21.4,,58.3,994,clouds,1.9
2022-05-27,23.7,,31,991,clear,2.6
2022-05-28,24.8,,32,995.7,clouds,2
2022-05-29,24.5,0.1,30.4,996,rain,1.9
2022-05-30,21.7,0.1,57.9,992.2,rain,1.5
2022-05-31,22.2,,42,997.8,clear,2.1
2022-06-01,22.6,,43.9,996.9,clouds,1.5
2022-06-02,22.4,,59.1,996.7,clear,1.4
2022-06-03,21.6,,65.8,1001.5,clear,2.4
2022-06-04,19.8,,72.5,1003.3,clouds,2
2022-06-05,17.7,53.8,92.4,995,rain,1.5
2022-06-06,17.3,9.9,88.3,991,rain,2.9
2022-06-07,15.7,1.5,82.3,999.5,rain,1.8
2022-06-08,16.3,1.1,81.4,1003.5,rain,1.8
2022-06-09,18.4,,76.9,1004.8,clouds,1.4
2022-06-10,19.7,,78.1,1004.9,clouds,1.1
2022-06-11,20.2,,76.8,1003.6,clouds,1.8
2022-06-12,19.2,,78,1004.5,clouds,2.4
2022-06-13,18.8,0.1,80.6,1001.8,rain,2.3
2022-06-14,16.9,24.5,95,999.7,rain,2.9
2022-06-15,19.9,1.2,85.9,997.6,rain,1.6
2022-06-16,23.4,,68.4,997.7,clouds,1.8
2022-06-17,23.8,,71.8,998.4,clouds,1.3
2022-06-18,25.8,,70.9,997.1,clouds,1.4
2022-06-19,25.5,,75.3,997.3,clear,1.3
2022-06-20,25.2,,77.9,995.3,clouds,1.4
2022-06-21,24.7,,85.1,995,clouds,1.2
2022-06-22,25.6,,79.1,997.3,clear,1
2022-06-23,26.2,,79.3,994.1,clouds,3.2
2022-06-24,25.7,6.9,81.8,989.5,rain,3.6
2022-06-25,26,,75.3,996.7,clouds,2.9
2022-06-26,27.2,,74.8,1001.4,clouds,3.6
2022-06-27,25.2,47.9,93,1001.6,rain,2.3
2022-06-28,27.2,0.2,79.1,998,rain,4.7
2022-06-29,26.8,0.1,82.8,998.6,rain,4.4
2022-06-30,27.9,,73,1002.7,clouds,3.5
2022-07-01,27.4,,74.4,1005.3,clear,1.3
2022-07-02,28,,65.4,1003.7,clouds,1.1
2022-07-03,27.5,,75,999.9,clouds,1
2022-07-04,27.2,,79.1,997,clouds,1.3
2022-07-05,26.1,0.1,84.8,996.6,rain,1.3
2022-07-06,26.7,0.1,87,1000,rain,1
2022-07-07,28.6,,79.4,999,clouds,2.1
2022-07-08,28.4,0.1,79.5,993.4,rain,2.5
2022-07-09,27.1,,77.1,992.6,clouds,1.8
2022-07-10,25.7,,83.9,996.9,clouds,1.5
2022-07-11,24.9,9,92.1,997.2,rain,1
2022-07-12,23.7,0.1,81.4,1000.2,rain,1.7
2022-07-13,23.4,18.3,88.8,996.8,rain,1.3
2022-07-14,26.4,,84.5,990.3,clouds,1.9
2022-07-15,26.5,,78,989.8,clouds,1.1
2022-07-16,25.5,4.8,81.3,989.3,rain,1.3
2022-07-17,25.8,,78.8,991.3,clouds,1.1
2022-07-18,22.4,69.4,95,991.6,rain,1
2022-07-19,25.2,1.2,86.3,992.8,rain,1.4
2022-07-20,27.5,0.1,73.4,996.6,rain,1.2
2022-07-21,26.4,3.9,79.9,992.2,rain,1.5
2022-07-22,24.1,2.4,81.3,996.1,rain,1.6
2022-07-23,23.9,0.1,86.1,997.5,rain,1.2
2022-07-24,26.1,9,86.6,993.9,rain,1.4
2022-07-25,25,,89.6,999.5,clouds,1.5
2022-07-26,24.6,,86.6,1001.5,clouds,1.4
2022-07-27,24.8,,84.3,1002,clouds,1.5
2022-07-28,25.2,0.9,93.6,1003.2,rain,1.4
2022-07-29,26.8,,86,1003.9,clear,1.8
2022-07-30,27.4,,82.6,1001.2,clouds,2
2022-07-31,26.9,6,90.6,999.4,rain,1.8
2022-08-01,28.4,0.1,83.1,999.5,rain,2.5
2022-08-02,28.4,0.2,82.6,1001.6,rain,3.1
2022-08-03,29.4,0.1,76.8,1001.1,rain,2.6
2022-08-04,30,,71.6,999.6,clouds,1.8
2022-08-05,29.8,,74.8,996.9,clouds,1.5
2022-08-06,30.3,,74.5,996.5,clouds,1.4
2022-08-07,30.7,,73.8,997.8,clouds,2.3
2022-08-08,29.7,,68,998.8,clouds,3.4
2022-08-09,29.1,,69.1,998.7,clouds,3.4
2022-08-10,28.7,,71.4,997.9,clouds,3.1
2022-08-11,27.5,3.4,80.8,996.4,rain,2.7
2022-08-12,28.6,,82.1,996.3,clouds,1.2
2022-08-13,26.7,4,90.6,997,rain,1.1
2022-08-14,29.1,1.7,79,997.3,rain,2.1
2022-08-15,30.2,,65,994.4,clouds,3.9
2022-08-16,26,17.8,89.4,995.3,rain,1.9
2022-08-17,23.9,14.7,93.3,997.6,rain,0.8
2022-08-18,24.4,0.1,84.8,998.6,rain,1.3
2022-08-19,27.3,0.1,76.1,994.8,rain,2.1
2022-08-20,26,15.5,89.4,993.5,rain,1.6
2022-08-21,24.6,,74.3,996.7,clear,2.3
2022-08-22,24.7,,71.9,995.6,clouds,1
2022-08-23,25.5,2.8,83,996.8,rain,1.2
2022-08-24,21.7,38.2,88.6,999.6,rain,2.1
2022-08-25,24.1,0.1,78.6,997.6,rain,1.1
2022-08-26,23.8,0.3,66.8,997.3,rain,1.7
2022-08-27,22.5,,66.8,999.7,clouds,1.6
2022-08-28,21.3,,66.1,1005.9,clouds,2.3
2022-08-29,22.5,0.1,79.1,1005.9,rain,1.7
2022-08-30,21.2,12.6,93,1001.7,rain,1
2022-08-31,21,27.3,94.8,998.7,rain,1.4
2022-09-01,21.8,0.1,86.1,1004.1,rain,1.8
2022-09-02,21.2,14.5,95.1,1006.6,rain,2
2022-09-03,21.9,23.3,96.9,1005.6,rain,2
2022-09-04,24.9,8.3,92.6,1001.7,rain,1.4
2022-09-05,25.8,51.1,92.9,995.8,rain,2
2022-09-06,23.9,110.4,73,990.5,rain,3.9
2022-09-07,21.5,,61.8,1006.7,clear,1.7
2022-09-08,21.3,,69.8,1008.3,clouds,2
2022-09-09,21.9,,76.8,1008.3,clouds,2.3
2022-09-10,22.1,,74.9,1008.2,clouds,2.5
2022-09-11,22.8,,80,1005.9,clouds,2
2022-09-12,22.5,,88.3,1005.1,clouds,1.4
2022-09-13,23.4,,79.4,1006.7,clouds,2.7
2022-09-14,23.5,,75.6,1007.5,clouds,3.7
2022-09-15,22.8,,77.6,1004.3,clouds,2.7
2022-09-16,23.3,0.1,91.8,1000.9,rain,1.1
2022-09-17,24.5,0.1,86.8,998.9,rain,1.4
2022-09-18,25.3,20.7,84.5,991.8,rain,3.6
2022-09-19,21.9,56.4,80.6,986.9,rain,4.9
2022-09-20,18.5,,60.4,1004,clouds,2.9
2022-09-21,17.2,,67.9,1008.5,clouds,2
2022-09-22,19.4,,74.6,1005.8,clouds,1.9
2022-09-23,21.3,,67,1002.1,clouds,1.5
2022-09-24,18.3,,54.5,1006,clouds,1.9
2022-09-25,18.5,,72.5,1006.9,clouds,1.3
2022-09-26,18.8,0.1,80.9,1007,rain,1
2022-09-27,20.1,0.1,83.1,1006.1,rain,1.8
2022-09-28,19.9,,86.8,1004.2,clouds,1.4
2022-09-29,20.5,,78.4,1004.7,clear,1
2022-09-30,20.8,,77.3,1006.2,clear,0.9
2022-10-01,21.7,,63.8,1007.7,clouds,1
2022-10-02,22.2,,71.5,1008.5,clouds,1.4
2022-10-03,24.7,2.1,82.3,1005.4,rain,2.6
2022-10-04,20.9,24.9,85.5,1003.1,rain,3.1
2022-10-05,16.4,0.1,83,1010,rain,2.2
2022-10-06,16.8,1.1,88.4,1008.7,rain,1.3
2022-10-07,16,0.1,74.6,1008.4,rain,2.5
2022-10-08,15.7,,64.6,1014.7,clouds,2.7
2022-10-09,15.4,0.4,84.4,1007.4,rain,1.5
2022-10-10,14.5,,47.4,1002.9,clouds,3
2022-10-11,13.7,,57.5,1009.7,clear,2.1
2022-10-12,15.7,0.1,64.8,1016.2,rain,2.1
2022-10-13,18,,61,1014.6,clouds,2.3
2022-10-14,17.1,,74,1010.3,clouds,2
2022-10-15,17.9,,77.9,1009.6,clouds,1.9
2022-10-16,18.6,,79.1,1007.7,clouds,1.3
2022-10-17,16.4,,45.4,1005.9,clear,2.6
2022-10-18,11.5,,44.4,1010.7,clear,2.7
2022-10-19,11.3,,43.3,1014.7,clear,2.3
2022-10-20,13.4,,53.6,1017,clear,1.3
2022-10-21,15.6,0.1,53.5,1014,rain,1.3
2022-10-22,17.9,,47.8,1009.4,clouds,1.6
2022-10-23,15.1,,70.3,1007.4,clouds,2.1
2022-10-24,12.3,,57.1,1009.4,clear,2.6
2022-10-25,12.1,0.1,58.1,1017,rain,3.2
2022-10-26,13.7,,64.1,1017.4,clouds,2
2022-10-27,15.1,,65.4,1014.4,clouds,1.3
2022-10-28,14.6,0.2,77,1016,rain,1.8
2022-10-29,14.6,0.1,79.9,1016.9,rain,1.6
2022-10-30,13.5,1.7,84.8,1016.2,rain,1.7
2022-10-31,14.3,,69.3,1014.4,clouds,1.9
2022-11-01,15.3,,63.6,1010.8,clear,1.8
2022-11-02,14.7,,68.9,1009.8,clear,1.5
2022-11-03,14.4,,42.8,1007.4,clear,2.1
2022-11-04,10,,37,1009.9,clear,2.7
2022-11-05,9.1,,26.5,1013.2,clear,2.6
2022-11-06,10.4,,46.3,1014.2,clear,1.7
2022-11-07,11.4,,56.5,1012.8,clear,1.1
2022-11-08,13,,53.4,1014.5,clear,1.6
2022-11-09,13.5,,57.1,1014.4,clear,1.2
2022-11-10,14.5,,54.4,1014.5,clear,1.7
2022-11-11,14.6,,76.6,1016.5,clouds,1.1
2022-11-12,17.8,0.3,82.5,1008.9,rain,1.8
2022-11-13,16.6,17.5,78.8,1003.6,rain,2.6
2022-11-14,12,,66.8,1007.6,clouds,1.6
2022-11-15,10,,53.3,1006.5,clear,2.5
2022-11-16,11.2,,51.6,1010,clear,1.8
2022-11-17,10.9,,48,1013.7,clouds,1.6
2022-11-18,11.8,,57.4,1015.9,clear,1.4
2022-11-19,14.2,,69.6,1013,clouds,2.4
2022-11-20,14,,75,1010,clouds,1.5
2022-11-21,14.3,,69.5,1010.8,clouds,1.6
2022-11-22,14.1,2.4,75.3,1009.6,rain,2.2
2022-11-23,13.5,0.8,76.4,1005.2,rain,2.2
2022-11-24,11.1,,55.1,1010.5,clouds,2
2022-11-25,12.8,,55.8,1008.6,clear,1.7
2022-11-26,13.2,,42.5,1006.1,clear,2
2022-11-27,10.7,,38.6,1011,clouds,1.8
2022-11-28,16.6,0.7,72.6,1007.1,rain,2.2
2022-11-29,14.5,23.2,73.5,1002.1,rain,2.6
2022-11-30,1.6,,24.4,1016,clouds,3.5
2022-12-01,0,,25.9,1018.5,clouds,2.9
2022-12-02,1,,40,1019.1,clouds,2
2022-12-03,6.1,,50.6,1014.6,clouds,1.7
2022-12-04,4.8,,30.3,1016.6,clouds,3
2022-12-05,1.8,,21.9,1015.5,clouds,2.8
2022-12-06,3.1,,44.4,1013,clear,2.2
2022-12-07,5.4,,51.9,1013.1,clear,1.7
2022-12-08,6.8,,43.4,1014.9,clouds,1.6
2022-12-09,8,,40,1012,clouds,1.8
2022-12-10,8.1,0.1,46.3,1008.6,rain,2.4
2022-12-11,6.3,0.3,55.3,1010.6,rain,2.7
2022-12-12,6.6,2.4,82.6,1009,rain,1.7
2022-12-13,5.9,,49.3,1006.7,clear,2.7
2022-12-14,-2.1,0.1,42.3,1014.7,snow,3
2022-12-15,0.6,,49.5,1014.6,clear,2.3
2022-12-16,1.5,,26.6,1016.4,clouds,2.4
2022-12-17,-1.2,0.1,36.5,1012.6,snow,2.3
2022-12-18,-4.6,,33,1011.4,clear,2.3
2022-12-19,-1.9,,38.9,1015.3,clear,1.4
2022-12-20,0.8,,45.5,1015.5,clear,1.8
2022-12-21,2.9,7,83.4,1001.7,rain,1.5
2022-12-22,-1.1,0.1,49.9,996.9,snow,3.3
2022-12-23,-4.4,0.1,36.5,997.8,snow,4
2022-12-24,-3,,44.6,1006.2,clear,3.1
2022-12-25,0.6,,38.4,1009.7,clear,3.3
2022-12-26,1.2,,39.8,1013.3,clear,2.8
2022-12-27,2.4,,30.9,1016.2,clear,3.1
2022-12-28,2.5,,44,1017.3,clear,2.4
2022-12-29,0.9,,42.6,1020.6,clear,2.8
2022-12-30,1.5,,52.5,1020.2,clear,2.1
2022-12-31,2.2,,44.4,1018.5,clear,3
2022-01-01,-0.1,,39.4,1021.1,clouds,1.4
2022-01-02,0.7,,67.1,1018.7,clouds,0.7
2022-01-03,0.4,,70,1017.9,clear,0.8
2022-01-04,2,,54.8,1018.7,clouds,1.1
2022-01-05,2.2,,37.1,1017.5,clouds,1
2022-01-06,2.4,,44.4,1019.5,clear,1.2
2022-01-07,0.9,,56.3,1020.7,clear,0.7
2022-01-08,1.7,,62,1016.6,clouds,0.6
2022-01-09,3.3,,74.3,1013.8,clouds,0.7
2022-01-10,2.8,,71.3,1011.6,clouds,0.7
2022-01-11,-1.6,0.2,82.4,1012,snow,2
2022-01-12,-2.5,0.1,64.4,1014.2,snow,2
2022-01-13,-2.5,0.1,72,1013.5,snow,1.7
2022-01-14,-0.9,,49.3,1016.9,clouds,1.6
2022-01-15,2.2,,54.5,1015,clouds,0.6
2022-01-16,1.9,0.1,66.6,1017.1,rain,1.5
2022-01-17,0.4,0.1,63,1018.9,snow,1.8
2022-01-18,-1.3,,40.8,1019.1,clear,2.3
2022-01-19,-0.1,0,59.9,1016.1,snow,1.2
2022-01-20,-1.4,,52.5,1019.1,clear,1.8
2022-01-21,1.7,,59.6,1020.5,clouds,0.6
2022-01-22,7.1,0.1,57,1016.3,rain,0.6
2022-01-23,7.1,,62.8,1011.6,clouds,0.7
2022-01-24,6,,65.6,1012,clouds,0.8
2022-01-25,5.7,0.1,71.5,1013.3,rain,0.8
2022-01-26,4.1,,60.6,1016,clouds,1.4
2022-01-27,2.4,,51.6,1015.9,clouds,1.3
2022-01-28,1,,51.8,1016.1,clouds,1.6
2022-01-29,0.6,,47.8,1013.3,clouds,1.7
2022-01-30,0.7,,45.9,1013.3,clouds,1.6
2022-01-31,1.4,0.1,56.3,1016.3,rain,1
2022-02-01,1.8,0.6,70.9,1018,snow,1.2
2022-02-02,1.4,,55.5,1019.6,clouds,1.4
2022-02-03,0.5,,45.9,1018.1,clouds,1.6
2022-02-04,-0.6,0.2,59.3,1016.9,snow,1.5
2022-02-05,-2.1,0.3,78.8,1018.3,snow,1.4
2022-02-06,-1.4,0.2,77.9,1020.6,snow,1.1
2022-02-07,-0.1,,48,1019.4,clouds,1.7
2022-02-08,1.8,,48.3,1018.5,clouds,2
2022-02-09,3.3,,53.5,1016.1,clouds,0.8
2022-02-10,4.2,,45.3,1014.6,clouds,1.3
2022-02-11,4.8,,45,1016.9,clouds,1.3
2022-02-12,6.9,,43,1015.1,clouds,1
2022-02-13,7.8,,45.6,1011.8,clouds,1
2022-02-14,5.6,0.1,59.4,1012.3,rain,1.1
2022-02-15,-0.5,0.1,65.4,1014.3,snow,1.8
2022-02-16,-3.1,1.1,83,1015.6,snow,1.2
2022-02-17,-3.9,0.1,56.5,1019.2,snow,2.1
2022-02-18,1.4,,50,1020,clouds,1.2
2022-02-19,2.2,0.1,56.1,1015.3,snow,1.5
2022-02-20,-2.1,0.3,60.5,1018.6,snow,2.2
2022-02-21,1,0.1,60.1,1020.8,snow,1.1
2022-02-22,0.2,0.1,50.5,1023.2,snow,1.7
2022-02-23,-2,0.1,43.8,1024.1,snow,2.3
2022-02-24,0,,50.5,1022.7,clear,1.4
2022-02-25,3.3,,64.4,1019.7,clear,0.8
2022-02-26,6,0.1,71.4,1012.9,rain,2.3
2022-02-27,6,,40.6,1014.9,clear,1.2
2022-02-28,7.6,,46.4,1012.8,clouds,1.5
2022-03-01,7.1,2.9,85.3,1007.5,rain,1
2022-03-02,4.1,,55,1010.8,clear,1.1
2022-03-03,6.7,,67,1010.6,clear,1.1
2022-03-04,10.5,,67.5,1006.5,clouds,2.4
2022-03-05,5.2,,50.4,1009.2,clear,2.2
2022-03-06,3.3,,40.1,1013.7,clouds,1.5
2022-03-07,4.8,,43.6,1012.1,clouds,1.2
2022-03-08,7.2,,52.4,1011,clear,0.7
2022-03-09,9.5,,53.4,1013.1,clear,0.7
2022-03-10,11.3,,50.3,1012.7,clouds,0.9
2022-03-11,14.6,,70.6,1009.6,clouds,1.4
2022-03-12,17.1,,75.9,1007.8,clouds,2.3
2022-03-13,15.2,16.4,95.1,1003.6,rain,2.1
2022-03-14,11.9,1,97.5,1004.7,rain,1.6
2022-03-15,10.3,,72.3,1006.1,clouds,1.5
2022-03-16,13.3,,59,1007.4,clouds,0.7
2022-03-17,11.3,5.6,80.1,1008.1,rain,1.6
2022-03-18,8.5,4.6,96.6,1000,rain,2
2022-03-19,5.3,10,88.5,1002.3,rain,1.8
2022-03-20,5.2,,82.1,1011.6,clouds,0.7
2022-03-21,7.4,,51.1,1014.1,clouds,1.2
2022-03-22,8.2,,47.4,1012.8,clouds,1.8
2022-03-23,7.4,0.1,62.6,1010.2,rain,0.8
2022-03-24,9.8,,60.4,1011.9,clear,0.9
2022-03-25,14.6,27.5,76.8,1006,rain,2.4
2022-03-26,10.5,37.2,96.9,997.7,rain,2.5
2022-03-27,8.9,,61.9,1008.7,clouds,1.3
2022-03-28,9.4,,41.5,1017,clouds,1.4
2022-03-29,11.9,,55.5,1016.2,clear,1
2022-03-30,14.9,,77,1012.1,clouds,1
2022-03-31,10.8,,84.9,1015.2,clouds,1.1
2022-04-01,10,,65.8,1019.6,clouds,0.9
2022-04-02,8.4,,53.6,1019.5,clear,1.1
2022-04-03,9.7,,47.6,1019.2,clear,1.1
2022-04-04,11.1,,44.9,1019.3,clear,1
2022-04-05,11,,39.9,1014.8,clouds,1.3
2022-04-06,12.5,,56.5,1012.6,clear,1.1
2022-04-07,12.2,1.2,60.6,1010.6,rain,1.1
2022-04-08,14.8,,40.3,1011.4,clear,1.2
2022-04-09,17.8,,38.4,1008.5,clear,2.2
2022-04-10,18.7,,52.1,1008.8,clouds,1.8
2022-04-11,20.5,,77.4,1005.3,clouds,2.1
2022-04-12,21.1,,79.5,1003.2,clouds,1.8
2022-04-13,17.9,2.4,94,1004,rain,1.5
2022-04-14,15.4,0.1,78.3,1006.7,rain,2.1
2022-04-15,14.4,,57.6,1008.2,clouds,1.9
2022-04-16,13.3,,45.5,1009.5,clear,1.1
2022-04-17,13.8,,38.5,1010.7,clouds,1.1
2022-04-18,16.4,,30.9,1009.8,clouds,1.3
2022-04-19,16.3,,30.9,1009.6,clear,1
2022-04-20,16.3,,40.6,1008.4,clear,1.3
2022-04-21,15.4,,53.4,1005.3,clouds,0.9
2022-04-22,17.6,,74.4,1004.5,clouds,2.4
2022-04-23,19.5,,75,1003.7,clouds,1.6
2022-04-24,20.7,,75.8,1003.3,clear,0.9
2022-04-25,19.7,24.4,80.4,1002.3,rain,1.3
2022-04-26,17.8,5.8,99,995.6,rain,1.5
2022-04-27,16.9,,54.3,1006.4,clouds,1.6
2022-04-28,16.8,,65.9,1007.6,clouds,1.1
2022-04-29,14.2,15.5,84.8,1006.4,rain,1.4
2022-04-30,13.4,,74.3,1010,clouds,1.2
2022-05-01,13.6,,54.5,1007,clear,1.2
2022-05-02,13.9,,52.8,1006.7,clouds,1.2
2022-05-03,14.4,,50.4,1012,clear,1
2022-05-04,17,,55.4,1011.9,clear,1
2022-05-05,19,,62.6,1010.8,clear,1.2
2022-05-06,20.7,,64.6,1008.2,clear,0.8
2022-05-07,18.2,,66.1,1009.3,clear,1.2
2022-05-08,17.4,,56.8,1009.6,clouds,1.1
2022-05-09,17.3,,72.5,1009,clouds,0.9
2022-05-10,18.4,0.1,57.1,1007.8,rain,1.7
2022-05-11,20.8,,58.6,1006.5,clouds,0.7
2022-05-12,21.1,,63.9,1002.8,clouds,0.9
2022-05-13,17.9,,68.9,1000.5,clouds,1.1
2022-05-14,16.4,,41.5,1005.7,clouds,1.6
2022-05-15,16,,38.9,1006.4,clouds,1.7
2022-05-16,17.4,,40.9,1005.2,clear,1.5
2022-05-17,19.9,,51.5,1006.8,clear,1.8
2022-05-18,21.6,,43.6,1010.2,clear,2.2
2022-05-19,20.7,,41.3,1010.2,clouds,1.4
2022-05-20,20.2,,60.1,1005.8,clouds,0.8
2022-05-21,20.7,,69.6,1002,clear,0.9
2022-05-22,21.8,,70.5,1001.5,clear,1.5
2022-05-23,22.6,,61,1004.9,clouds,1
2022-05-24,22.9,,52.8,1005.7,clear,1
2022-05-25,22.3,,62.3,1001.4,clouds,1
2022-05-26,20.5,0.4,58.3,997.8,rain,1.4
2022-05-27,20.8,,66,995.9,clear,1.9
2022-05-28,22.3,,61.1,999.2,clouds,1.8
2022-05-29,22,0.1,67.4,997.3,rain,1.9
2022-05-30,19.8,0.1,92,994.8,rain,1.1
2022-05-31,22.1,,47.9,1000.6,clear,1.1
2022-06-01,23.6,,45.3,998.5,clouds,1.3
2022-06-02,22.7,,75,1000,clear,1.2
2022-06-03,24.8,,64.4,1001.5,clear,1.3
2022-06-04,24.7,0.1,49.6,1001.6,rain,1.6
2022-06-05,18.3,22.2,94,993.5,rain,1.9
2022-06-06,20.2,,86.8,992.7,clouds,0.9
2022-06-07,19.1,7.1,87.9,999,rain,2
2022-06-08,19.5,3.2,85.3,1003.5,rain,1
2022-06-09,21.6,,77,1005.1,clouds,1.1
2022-06-10,22.4,,72.3,1005.5,clouds,1.1
2022-06-11,23,,77.6,1003.4,clouds,1.4
2022-06-12,22.6,0.1,85.6,1004.2,rain,0.8
2022-06-13,22,0.1,71,1000.2,rain,1.1
2022-06-14,18.8,1.1,91.6,999,rain,2.2
2022-06-15,21.3,2.1,88.5,999.2,rain,2.4
2022-06-16,23.3,0.1,72.6,1000.7,rain,1.7
2022-06-17,23.8,3.3,86.6,1000.4,rain,1.6
2022-06-18,24.9,1.3,82.6,999.9,rain,2.1
2022-06-19,25.7,,85.1,999.5,clouds,0.9
2022-06-20,26.3,24.3,85,996.3,rain,1.3
2022-06-21,26.7,,85.5,995.8,clouds,1.3
2022-06-22,27,,80,999.4,clouds,1.5
2022-06-23,25.5,28.7,96,995,rain,2.9
2022-06-24,24.6,27.2,95.1,993,rain,3.4
2022-06-25,26.5,,91.3,998.2,clouds,2.9
2022-06-26,27.3,,91.4,1002.3,clouds,3.3
2022-06-27,27.3,0.9,92.6,1001.2,rain,3.8
2022-06-28,27.7,,87,998.3,clouds,4.2
2022-06-29,26.5,8.5,98.1,999.5,rain,3.4
2022-06-30,27.1,1.7,93.4,1003.8,rain,2.6
2022-07-01,28.2,,76.5,1006.4,clear,2
2022-07-02,28.5,,76.6,1004.3,clouds,0.8
2022-07-03,28.9,0.1,74.5,1000.7,rain,1.2
2022-07-04,27.2,2.1,91,997.4,rain,0.9
2022-07-05,27.4,7.3,93.1,997.6,rain,0.8
2022-07-06,29.1,,84,999.6,clouds,1.9
2022-07-07,28.8,4.9,88.1,999,rain,2.7
2022-07-08,26.6,4.8,96.5,995.8,rain,1.3
2022-07-09,27,,88.1,995.2,clouds,1
2022-07-10,28.2,0.1,85.5,997.3,rain,1.5
2022-07-11,27.1,14.3,92.5,997.7,rain,0.9
2022-07-12,27.4,,91,999.7,clouds,2
2022-07-13,26,,92.6,996.9,clouds,2.4
2022-07-14,27.3,13,88.9,993.3,rain,1.5
2022-07-15,27,,79.6,992.2,clouds,0.9
2022-07-16,26.5,,80.4,991.9,clouds,1.2
2022-07-17,26.4,0.1,93.6,993.8,rain,1.3
2022-07-18,23.7,54.1,99,991.1,rain,1.7
2022-07-19,26.2,0.7,88,995.6,rain,1.1
2022-07-20,27.2,0.8,81.6,998.7,rain,1
2022-07-21,24.6,3.8,96,995.7,rain,2.6
2022-07-22,25.1,,88.1,998.8,clouds,0.8
2022-07-23,25.1,22.6,90.6,997.2,rain,1.6
2022-07-24,23.9,14.2,99,995.9,rain,2.1
2022-07-25,26.7,,88.6,1001,clouds,0.7
2022-07-26,27.3,,86.6,1001.7,clouds,1.3
2022-07-27,27.3,,80,1001.5,clouds,1.6
2022-07-28,28.5,,79.3,1002.7,clouds,1.5
2022-07-29,30.3,,76.1,1003.3,clouds,1.4
2022-07-30,28.5,0.1,84.1,999.9,rain,1.8
2022-07-31,26.4,26.4,97.8,996.8,rain,2.1
2022-08-01,27.6,1.5,98.4,996.9,rain,2.8
2022-08-02,28,1.7,95.3,1002.5,rain,2.3
2022-08-03,27.9,11.4,97.3,1003.6,rain,1.3
2022-08-04,29,,90.6,1002.4,clouds,1.5
2022-08-05,29,0.1,93.3,999.5,rain,2
2022-08-06,29.9,,91.4,998.9,clouds,1.8
2022-08-07,29.9,,89,999.9,clouds,2.4
2022-08-08,28.8,,90.9,1001.2,clouds,3.5
2022-08-09,28.7,,91.1,1000.8,clouds,3.6
2022-08-10,28.3,0.1,93.5,999.8,rain,3
2022-08-11,26.3,9.1,99,998.5,rain,1.9
2022-08-12,27.9,0.5,91.1,998.7,rain,1
2022-08-13,27.9,0.1,95.6,998.5,rain,1.7
2022-08-14,29.4,,89.1,999.3,clouds,3.1
2022-08-15,29.4,,89.6,996.8,clouds,4.7
2022-08-16,26.5,17,98.9,996.9,rain,1.9
2022-08-17,26,0.1,94,998.4,rain,0.6
2022-08-18,26.1,,83,1000.1,clouds,0.9
2022-08-19,27.4,,92.9,996.9,clouds,2.1
2022-08-20,26.6,32.2,98.4,995.3,rain,1.3
2022-08-21,27.4,,90.4,997.1,clouds,0.7
2022-08-22,28,,81,997.1,clouds,1.1
2022-08-23,26.5,24.7,97.5,998.2,rain,0.9
2022-08-24,25.7,2.4,89.3,999.2,rain,0.8
2022-08-25,24.9,,77.8,1000,clouds,1
2022-08-26,24.5,,71.3,999.9,clouds,1.2
2022-08-27,22.8,,75.5,1002.4,clouds,1
2022-08-28,22.9,,67,1006.2,clouds,1.5
2022-08-29,21.7,0.1,88.4,1006.4,rain,1.3
2022-08-30,24.8,1.3,96.5,1001.3,rain,1.2
2022-08-31,23,4.4,92.9,1000.3,rain,1
2022-09-01,22.6,,94.1,1004.8,clouds,1.3
2022-09-02,23.1,,88.3,1005.7,clouds,2.5
2022-09-03,24.9,0.1,86.8,1003.9,rain,2.6
2022-09-04,26.5,3.5,89.4,1000.9,rain,1.6
2022-09-05,24,50.7,99,992.9,rain,2.6
2022-09-06,21.5,32.8,89.8,996.7,rain,2.4
2022-09-07,22.2,,77.6,1009,clouds,0.9
2022-09-08,23,,73.9,1009.4,clouds,1
2022-09-09,24.1,,74.8,1008.5,clouds,1
2022-09-10,22.6,,85,1008.3,clouds,1.4
2022-09-11,24.1,,81.8,1006.2,clouds,1.1
2022-09-12,23.1,2,98.9,1005.5,rain,1
2022-09-13,24.3,0.2,90,1005.4,rain,1.2
2022-09-14,25.3,,68.4,1004.3,clouds,3
2022-09-15,26.5,,72.5,1001.4,clouds,2.6
2022-09-16,26.8,0.1,82.5,999.9,rain,1.9
2022-09-17,27.9,0.1,75.8,999.3,rain,1
2022-09-18,28.7,,71,991.8,clouds,2.9
2022-09-19,25.4,,66.3,991.3,clouds,2.8
2022-09-20,20.8,,62.5,1004.1,clouds,1.2
2022-09-21,20.1,,61.5,1008.4,clouds,1.1
2022-09-22,20.3,,60.6,1007,clouds,1.3
2022-09-23,19.5,,69.1,1006,clouds,1.2
2022-09-24,19.1,,59.3,1008.8,clouds,1.9
2022-09-25,20,,64.3,1008.1,clouds,0.8
2022-09-26,19.8,0.1,71.8,1008.5,rain,0.6
2022-09-27,21.7,,68.5,1007.1,clear,0.7
2022-09-28,21.1,,76.8,1005.8,clouds,0.4
2022-09-29,20.9,,67.5,1006.5,clear,0.5
2022-09-30,21.7,,66.9,1008,clear,0.4
2022-10-01,22.9,,64.1,1009.5,clouds,0.6
2022-10-02,23.6,,67.6,1008.8,clouds,1.8
2022-10-03,26.1,,79.6,1006.4,clouds,2.5
2022-10-04,19.5,33.4,86.1,1006.2,rain,2
2022-10-05,16.9,,63.5,1011.6,clouds,1
2022-10-06,17.1,,69.1,1011,clouds,0.8
2022-10-07,16.3,0.1,61.3,1011.6,rain,1.5
2022-10-08,16.7,,63.8,1014.6,clouds,1.2
2022-10-09,14.5,2.3,88.9,1009.8,rain,1.2
2022-10-10,12.8,2.2,74.4,1009,rain,1.6
2022-10-11,13.9,0.1,66.5,1013.8,rain,1.4
2022-10-12,14.7,,66.6,1017.4,clear,1
2022-10-13,17.1,,67.5,1015.5,clear,1.2
2022-10-14,17.5,,73.6,1011.3,clouds,0.5
2022-10-15,18.5,,76.9,1010.6,clear,0.6
2022-10-16,18.1,,73.8,1010.2,clouds,0.6
2022-10-17,14.4,,47.1,1011.6,clouds,1.8
2022-10-18,11.1,,42.6,1014.8,clear,2.1
2022-10-19,11.3,,56.8,1017.7,clear,1.2
2022-10-20,13.9,,50.6,1019,clear,0.8
2022-10-21,14.8,0.1,71.9,1016.7,rain,0.5
2022-10-22,17.3,0.4,69.8,1012.8,rain,0.8
2022-10-23,14.7,,62.8,1011,clear,1.2
2022-10-24,11.6,,46.5,1013.4,clear,1.5
2022-10-25,11.6,,46.3,1018.7,clear,1
2022-10-26,13.6,,49,1018.6,clouds,0.8
2022-10-27,15.1,,56,1016.8,clear,1.1
2022-10-28,14.7,,71.5,1017.1,clear,0.6
2022-10-29,15.1,,66,1017.3,clouds,0.6
2022-10-30,15.9,,65,1016.4,clouds,0.9
2022-10-31,15.4,,65.9,1015.4,clear,0.9
2022-11-01,14.5,,74.8,1013.5,clear,0.9
2022-11-02,13,,65,1012.2,clear,0.9
2022-11-03,12.2,,56.9,1010.9,clouds,0.7
2022-11-04,8.9,,43.9,1014.8,clouds,1.9
2022-11-05,9.1,,43.6,1017.1,clear,1.7
2022-11-06,9.7,,62.1,1016.5,clear,0.5
2022-11-07,11.4,,60.5,1015.1,clear,0.5
2022-11-08,12.1,,65.4,1016.7,clear,0.5
2022-11-09,12.4,,59.6,1017.1,clouds,0.4
2022-11-10,15,0.1,50.6,1015.7,rain,0.5
2022-11-11,16.7,,56.4,1016.4,clear,0.7
2022-11-12,18.5,21.1,79.6,1009.2,rain,1.7
2022-11-13,11.6,10.5,79.1,1008.3,rain,1.6
2022-11-14,10.7,,70,1010.6,clouds,0.8
2022-11-15,9.5,,64.4,1010.1,clear,1
2022-11-16,10.8,0.1,62.4,1012.6,rain,0.8
2022-11-17,11.3,,50.8,1015,clouds,0.8
2022-11-18,11.8,,50.9,1016.6,clear,0.5
2022-11-19,13.5,0.1,50.1,1013.2,rain,0.9
2022-11-20,13.6,0.4,77.9,1011.2,rain,0.5
2022-11-21,12.6,,74.9,1013.1,clouds,0.3
2022-11-22,12.5,1.9,78,1011.1,rain,1.1
2022-11-23,11.9,0.8,70.8,1009.2,rain,0.8
2022-11-24,11,,60.9,1012.8,clouds,0.8
2022-11-25,11.6,,62.6,1010.8,clouds,0.5
2022-11-26,11.1,,52.4,1009.9,clear,1.2
2022-11-27,9.7,,39.6,1011.7,clouds,0.8
2022-11-28,15.6,4.8,87.4,1006.3,rain,1.1
2022-11-29,11.3,7.2,69.3,1007.9,rain,2.3
2022-11-30,0.5,,49.3,1021.9,clouds,3.6
2022-12-01,0.2,,41.8,1022.3,clouds,2.3
2022-12-02,2.2,,43.6,1020.8,clouds,1.4
2022-12-03,5.6,,60.9,1017.4,clouds,0.7
2022-12-04,2.4,,36.1,1021.1,clouds,2.7
2022-12-05,0.7,,30,1020.2,clouds,2.6
2022-12-06,3.3,0.1,44.4,1016.6,snow,0.9
2022-12-07,5.5,,53.8,1016.9,clear,0.8
2022-12-08,6.5,,55.1,1017.3,clouds,0.6
2022-12-09,7.4,,62.4,1014.2,clouds,0.7
2022-12-10,5.1,0.1,66.3,1011.5,rain,1.1
2022-12-11,5.1,,50.1,1014.3,clear,1.4
2022-12-12,3.8,0.1,66,1012.8,rain,0.7
2022-12-13,5.1,0.5,57.9,1012.3,rain,2
2022-12-14,-2.3,1.7,63.9,1018.7,snow,2
2022-12-15,1.3,0.1,61.3,1017.2,rain,1.1
2022-12-16,0.4,0.1,39.9,1020.4,rain,1.9
2022-12-17,-2.2,2.9,57.6,1016.8,snow,1.9
2022-12-18,-5,4.6,72.8,1014.6,snow,1.2
2022-12-19,-2.9,0.1,74.6,1018.1,snow,0.9
2022-12-20,0.8,,74.4,1017,clouds,0.6
2022-12-21,2.6,4.2,90.4,1004.3,rain,0.5
2022-12-22,-1.5,2.5,78.4,1002.4,snow,1.6
2022-12-23,-4.1,13.9,88.4,1005.7,snow,1.3
2022-12-24,-5,0.1,75.8,1011.4,snow,1.2
2022-12-25,-2.7,,76.9,1015.2,clouds,1
2022-12-26,-0.6,,78.8,1017.5,clouds,0.8
2022-12-27,0.3,,74.1,1020.4,clear,0.9
2022-12-28,-0.2,,75.4,1021.9,clouds,0.9
2022-12-29,0.7,,63.3,1023.9,clear,1.1
2022-12-30,1,,70.4,1023.4,clouds,0.4
2022-12-31,1.4,,66.1,1022.9,clear,0.7
2022-01-01,1.9,,24.4,1019.6,clouds,2.2
2022-01-02,4.8,,32.9,1016.1,clear,3
2022-01-03,4.1,,28.5,1015.1,clear,2.9
2022-01-04,4.5,,38.3,1016.4,clear,2
2022-01-05,5.4,0.1,55.8,1016.4,rain,2.7
2022-01-06,6.1,0.1,42.1,1016.1,rain,2.4
2022-01-07,5.8,,41.6,1018.6,clear,1.9
2022-01-08,5.7,,26.4,1013.7,clear,3.4
2022-01-09,5.9,,51.9,1012,clouds,1.9
2022-01-10,7.4,,59,1009.5,clouds,2.2
2022-01-11,1.5,,39.1,1006.2,clear,3.9
2022-01-12,-1.3,,33,1010.1,clear,3.6
2022-01-13,-1.1,,35.1,1009.2,clear,3.7
2022-01-14,-0.2,,28.6,1014.5,clear,3.2
2022-01-15,4.8,,33.5,1013.1,clouds,2.3
2022-01-16,4.8,,42,1012.8,clear,4.2
2022-01-17,1.1,,39.9,1015.5,clouds,3.3
2022-01-18,-0.1,,22.6,1016.8,clear,2.7
2022-01-19,2.1,,34,1013.4,clear,3.5
2022-01-20,1.5,,44.6,1016.6,clear,3
2022-01-21,3.9,,53.9,1020.3,clouds,1.3
2022-01-22,6.7,,63.8,1016.9,clouds,1.2
2022-01-23,8.7,,69.9,1011.1,clouds,1.7
2022-01-24,5.7,0.1,63.9,1012.4,rain,3.7
2022-01-25,6.7,,62.8,1011.8,clouds,2.3
2022-01-26,5.5,,53.4,1013.6,clear,3.2
2022-01-27,6.3,,39.9,1012.8,clouds,2.6
2022-01-28,4.7,,27.3,1011.9,clouds,3.1
2022-01-29,3.3,,24.6,1009.4,clouds,3.4
2022-01-30,3.2,,29.5,1009.8,clouds,3.2
2022-01-31,3.6,,32,1013.5,clear,4.1
2022-02-01,3.3,,48.5,1014.4,clear,4.9
2022-02-02,1.7,,46.6,1016.4,clouds,2.7
2022-02-03,2.1,,38.5,1015.2,clouds,2.6
2022-02-04,1.3,,39,1013.1,clear,4.2
2022-02-05,-1.2,,43.1,1014.3,clear,4.1
2022-02-06,0.2,,42.4,1017.4,clear,3.6
2022-02-07,1.6,,36.5,1017,clouds,3.1
2022-02-08,3.6,,34.3,1016.2,clouds,3.2
2022-02-09,6.6,,50.4,1015,clouds,2.6
2022-02-10,7.6,,43.8,1011.7,clear,2.2
2022-02-11,6.7,,42.5,1015.6,clear,1.8
2022-02-12,8.5,,48.9,1014.8,clouds,2.1
2022-02-13,8.9,0.1,65.1,1011.2,rain,3.2
2022-02-14,9,,65.9,1009.9,clouds,3.4
2022-02-15,2.6,,41.8,1008.9,clear,4.9
2022-02-16,-1.7,,40.4,1011.5,clear,4.5
2022-02-17,-2.4,,37.6,1016.9,clear,3
2022-02-18,4,,53.3,1019.6,clouds,2.2
2022-02-19,5.2,0.1,51,1011.6,rain,2.3
2022-02-20,-0.6,,32.8,1013.8,clear,3.6
2022-02-21,1.4,,40.8,1018.6,clear,3.5
2022-02-22,1.2,,34.6,1020.2,clouds,3.4
2022-02-23,0,,32.1,1020.3,clouds,2.8
2022-02-24,1.6,,32.9,1019.1,clear,3.1
2022-02-25,5,,41.4,1017,clear,3.3
2022-02-26,7.7,,54.8,1010.7,clear,4.6
2022-02-27,6.7,,41.8,1011.9,clear,4.3
2022-02-28,9.8,,39.8,1012.3,clouds,3
2022-03-01,10.9,3.2,74.3,1004.4,rain,3.4
2022-03-02,7,,45,1006.6,clear,3.2
2022-03-03,7.8,,48.5,1009.2,clear,3.4
2022-03-04,10.4,,59.1,1005.6,clouds,4.9
2022-03-05,8.7,,34.8,1003.5,clear,5.7
2022-03-06,5,,36.1,1010.7,clear,2.6
2022-03-07,7.3,,55.6,1010.8,clouds,2.7
2022-03-08,9.6,,40.5,1009.2,clear,2.7
2022-03-09,10.5,,58.4,1012.5,clear,2.3
2022-03-10,11.3,,69.6,1012.3,clouds,3.4
2022-03-11,14,0.1,77.6,1009.5,rain,3.8
2022-03-12,16,,83.3,1008.4,clouds,3.5
2022-03-13,15,7.3,94.9,1004,rain,6.9
2022-03-14,11.3,0.1,90,1003.8,rain,3.7
2022-03-15,11.8,,64.3,1004.7,clear,2.3
2022-03-16,13.1,,61,1006.7,clear,2.7
2022-03-17,10.4,10.5,79.8,1010.3,rain,4.5
2022-03-18,7.3,16.6,82.4,1000.7,rain,5.1
2022-03-19,6.1,7,80.1,1000.3,rain,2.3
2022-03-20,7.5,,69.3,1009.6,clouds,2.4
2022-03-21,8.9,0.3,54.6,1013.8,rain,2.9
2022-03-22,9.2,0.2,57.3,1011.7,rain,3.1
2022-03-23,9.1,,57.5,1008.7,clouds,2.3
2022-03-24,10.2,,55.4,1011.5,clear,3.6
2022-03-25,13.3,1.9,74.5,1009.7,rain,2.3
2022-03-26,13.8,80.3,89.3,994.5,rain,5.3
2022-03-27,13.8,,49.6,1005.1,clouds,3.6
2022-03-28,9.6,,44.9,1016.7,clouds,3.4
2022-03-29,11.5,,57.5,1016.2,clear,2.6
2022-03-30,14,,86,1011.9,clouds,2.5
2022-03-31,11.5,0.1,74.3,1014,rain,3.3
2022-04-01,9.2,,54.3,1019.7,clouds,3.7
2022-04-02,10.4,,58.9,1018.2,clear,2.7
2022-04-03,11.7,,62.6,1018.5,clear,1.9
2022-04-04,12.3,,61.6,1018.2,clear,2
2022-04-05,13.5,,47.9,1012.5,clouds,4.1
2022-04-06,14.8,,40.8,1011.1,clear,2.7
2022-04-07,14.8,0.1,54,1007.6,rain,2.2
2022-04-08,14.6,,56.4,1011,clear,3.1
2022-04-09,16.7,,59,1008.2,clear,5.6
2022-04-10,17.8,,69.8,1009,clouds,5.2
2022-04-11,17.4,0.9,82.6,1006.3,rain,3
2022-04-12,17.9,0.1,88.9,1003,rain,4.3
2022-04-13,12.8,0.1,81.6,1006.8,rain,4
2022-04-14,10.9,0.6,79.9,1008.4,rain,4.4
2022-04-15,12.2,,61,1007.8,clouds,3.7
2022-04-16,12.1,,56.6,1008.8,clouds,2.9
2022-04-17,14.9,,43.9,1008.9,clouds,3.2
2022-04-18,16.8,,35.5,1008.1,clouds,2.1
2022-04-19,17.5,,37.8,1008,clear,2
2022-04-20,18.9,,29.5,1007.4,clear,3.6
2022-04-21,14.5,4.9,73.9,1005.1,rain,2.7
2022-04-22,16,,74.6,1003.7,clear,5.8
2022-04-23,17.3,,65.1,1004.4,clouds,2.8
2022-04-24,17.7,,77,1002.2,clear,3
2022-04-25,19,4.4,80.3,1002.8,rain,1.9
2022-04-26,17.4,101.8,99.9,994.6,rain,2.9
2022-04-27,16.5,,67.3,1005.9,clouds,3
2022-04-28,15.9,,59.5,1008.1,clouds,3.3
2022-04-29,11.2,18,82.3,1006.4,rain,4.3
2022-04-30,13.4,,70.3,1008.7,clouds,2.6
2022-05-01,14.8,,51.6,1004.6,clear,2.8
2022-05-02,13.8,3.3,53.8,1005.2,rain,3.4
2022-05-03,13.9,,63.5,1010.9,clear,3.5
2022-05-04,16,,60.8,1011.3,clear,4.3
2022-05-05,17.7,,69,1011,clear,3.8
2022-05-06,19.4,,66,1008,clear,2.6
2022-05-07,19.4,,64.9,1007.9,clouds,3.5
2022-05-08,15.9,,60.5,1010.4,clouds,3.3
2022-05-09,16.1,,53.8,1009.4,clouds,2.9
2022-05-10,16.5,0.1,61.5,1008.2,rain,2.9
2022-05-11,18.7,0.1,75.9,1006.5,rain,1.5
2022-05-12,19.3,0.1,80.4,1002.7,rain,1.8
2022-05-13,16.9,0.4,83.6,999.5,rain,1.8
2022-05-14,18.4,,53.4,1002.1,clouds,2.9
2022-05-15,16.6,,49.6,1004.7,clouds,2.8
2022-05-16,17.6,,44.4,1003.6,clouds,3.7
2022-05-17,19.3,,51.4,1006.1,clear,3.2
2022-05-18,20.2,,53.9,1009.2,clear,4.2
2022-05-19,20.5,,42.9,1009.1,clouds,4.4
2022-05-20,20.2,,59.5,1004.9,clouds,4.2
2022-05-21,20,,71.5,999.7,clear,2.8
2022-05-22,21.9,,57.8,998.5,clear,2.9
2022-05-23,21,,67.6,1004.1,clouds,2.2
2022-05-24,22.6,,65.6,1004.6,clear,2.2
2022-05-25,21.5,,69.4,1000.4,clouds,3.6
2022-05-26,20.4,,69,995.3,clouds,3.8
2022-05-27,22.4,,47.6,993,clear,5.3
2022-05-28,22.6,,48.4,997.7,clouds,4.4
2022-05-29,22.6,,50.5,997.5,clouds,3.5
2022-05-30,20.7,1.7,67.9,993.1,rain,1.8
2022-05-31,21.6,,52.6,999.2,clear,3
2022-06-01,22.2,,47.8,998.5,clouds,2.8
2022-06-02,20.7,,76,998.6,clear,4.4
2022-06-03,21.6,,73.4,1002,clear,2.7
2022-06-04,20.7,,69.6,1003.4,clouds,3.3
2022-06-05,17.8,49.8,93.4,995,rain,2.9
2022-06-06,19,5.7,82,991.4,rain,2.8
2022-06-07,17.3,0.1,76.3,1000.1,rain,2.5
2022-06-08,17.5,0.1,78.4,1004.2,rain,2.6
2022-06-09,18.9,,76.8,1005.6,clouds,2.5
2022-06-10,20.5,,78,1005.8,clouds,1.9
2022-06-11,21.1,0.1,73.1,1003.8,rain,2.3
2022-06-12,20.1,,75.1,1004.9,clouds,3
2022-06-13,19.4,0.1,77.6,1001.7,rain,3.3
2022-06-14,17.3,9.4,94.5,999.2,rain,3.8
2022-06-15,19.8,0.4,88.1,999.2,rain,4.2
2022-06-16,22.1,,79.3,999.6,clouds,4.9
2022-06-17,22.8,,82.1,1000.3,clouds,4.8
2022-06-18,23.9,,82.3,998.9,clouds,3.9
2022-06-19,23.5,,85.9,999.3,clear,3.9
2022-06-20,24.2,,86.4,996.6,clouds,3
2022-06-21,25,,86.9,995.9,clouds,1.9
2022-06-22,24.7,,84.4,999.3,clouds,4
2022-06-23,23.2,0.4,97.4,996.4,rain,6.2
2022-06-24,22.9,38.7,96.5,992.2,rain,6.8
2022-06-25,23.2,0.9,93,999.1,rain,5.2
2022-06-26,24,0.1,96.9,1003.8,rain,5.5
2022-06-27,23.6,12.3,100,1003.3,rain,7.2
2022-06-28,23.7,15.7,99.5,1000.4,rain,10.1
2022-06-29,24.1,18.6,98.9,1000.8,rain,10.5
2022-06-30,25.5,0.1,91.6,1004.8,rain,6
2022-07-01,25.9,,85,1006.7,clear,2.9
2022-07-02,27.4,,69.6,1004.6,clouds,1.6
2022-07-03,27.5,,78.9,1001,clouds,2.4
2022-07-04,27.4,,80.4,997.7,clouds,1.9
2022-07-05,26.4,1.1,85.9,997.4,rain,1.8
2022-07-06,27,,89.8,1001,clouds,2.1
2022-07-07,27.5,,91.5,1000.5,clouds,4.4
2022-07-08,26.7,0.7,90.9,995.2,rain,4.5
2022-07-09,27.6,,79.1,993.6,clouds,2.4
2022-07-10,26.4,,85.6,997.8,clouds,2
2022-07-11,24.8,42.6,92.3,998.1,rain,1.3
2022-07-12,25.1,,80,1000.6,clouds,2.6
2022-07-13,24.5,0.1,84.6,997.9,rain,2
2022-07-14,26.8,0.1,85.3,991.5,rain,3.5
2022-07-15,25.7,,86.8,990.8,clouds,2.6
2022-07-16,26,,81.4,990,clouds,2.3
2022-07-17,26.3,,75.6,992.3,clouds,2.9
2022-07-18,22.8,63.1,95.8,992.1,rain,2.7
2022-07-19,24.7,0.1,91.3,993.9,rain,2.4
2022-07-20,26,0.1,79.5,997.8,rain,2.9
2022-07-21,26.3,12.9,79,993.4,rain,4.7
2022-07-22,25.1,,76.6,997.1,clouds,2.5
2022-07-23,24.6,0.2,84.8,998.4,rain,1.8
2022-07-24,25.1,23.4,89.8,995.1,rain,3.6
2022-07-25,25.2,,89.9,1000.4,clouds,2.3
2022-07-26,25.7,,83.4,1002.1,clouds,2.4
2022-07-27,26.2,,77.3,1002.2,clouds,2.5
2022-07-28,26.6,0.1,87.3,1003.4,rain,2.3
2022-07-29,28.5,,77.9,1003.9,clear,2.5
2022-07-30,28.1,0.1,77.8,1001,rain,3
2022-07-31,27.1,1,89.5,999.7,rain,2.7
2022-08-01,27.5,0.3,87.4,1000.5,rain,3.5
2022-08-02,27.1,3.7,93.4,1003.1,rain,7.2
2022-08-03,27.7,1.3,88.1,1002.9,rain,4.8
2022-08-04,28.7,0.1,83.1,1000.9,rain,4
2022-08-05,29,0.1,81.6,998.2,rain,4.1
2022-08-06,29.2,,82.8,997.7,clear,3.6
2022-08-07,29,,84.4,999.6,clouds,4.8
2022-08-08,28.9,,80,1000.7,clouds,5.8
2022-08-09,28.6,,78.4,1000.4,clouds,5.6
2022-08-10,28.1,,81.1,999.4,clouds,4.8
2022-08-11,27.4,1.4,84.8,998,rain,4.3
2022-08-12,28.1,,85.3,997.2,clouds,3
2022-08-13,27.2,0.4,87.5,998.1,rain,2.6
2022-08-14,28.3,,80.4,998.7,clouds,4.5
2022-08-15,29,,78.5,996.4,clouds,6.1
2022-08-16,26.1,52.6,90.4,996.6,rain,3.9
2022-08-17,22.9,23.4,94.6,998.2,rain,1.7
2022-08-18,24.8,,85.3,999.5,clouds,2.3
2022-08-19,26.6,,82.4,996.3,clouds,4.3
2022-08-20,25.6,29.2,94.3,994.4,rain,3.1
2022-08-21,26,,70.5,996.8,clouds,2.7
2022-08-22,25.7,,59.6,996.4,clouds,2.7
2022-08-23,26.8,0.3,71.9,997.3,rain,3
2022-08-24,22.2,25.5,88.5,999.3,rain,3.2
2022-08-25,24.5,,75.6,998.5,clouds,3
2022-08-26,25,,67.4,997.9,clouds,2.7
2022-08-27,24.6,,63.8,1000.1,clouds,2.4
2022-08-28,23,,63.4,1005.8,clouds,3.1
2022-08-29,24.3,0.1,73,1006,rain,2.5
2022-08-30,24,2.4,86.8,1001.9,rain,2.1
2022-08-31,22.6,36.2,93.4,998.9,rain,1.9
2022-09-01,21.9,1.8,86.5,1004.1,rain,2.7
2022-09-02,20.9,29.9,96.9,1006.4,rain,3.2
2022-09-03,22.7,7.4,97.1,1005.3,rain,3.2
2022-09-04,25.8,2.8,91.9,1001.9,rain,2.3
2022-09-05,26.2,17.8,92.6,995.3,rain,3.2
2022-09-06,24.5,69.2,75.1,989.3,rain,5.4
2022-09-07,23.3,,60.3,1007.3,clear,2.4
2022-09-08,22.7,,65.8,1008.3,clouds,2.6
2022-09-09,23.1,,71.8,1008.1,clouds,3.1
2022-09-10,22.8,,72.9,1008,clouds,3.2
2022-09-11,23.8,,76.1,1005.9,clouds,2.6
2022-09-12,24.5,,79,1005,clouds,2.6
2022-09-13,24.7,,75.9,1005.9,clouds,3.8
2022-09-14,24.3,,74.4,1006.3,clouds,4.2
2022-09-15,24.3,,75.5,1003.5,clouds,3.9
2022-09-16,25.1,,85,1000.9,clouds,2.5
2022-09-17,25.8,0.3,80.8,998.9,rain,2.4
2022-09-18,26.4,19,78.6,990.2,rain,4.7
2022-09-19,24.1,14.2,75.8,986.2,rain,5.6
2022-09-20,19.3,,63.1,1004,clouds,3.5
2022-09-21,18.9,,63.3,1008.4,clouds,3.1
2022-09-22,20.3,,72.8,1005.9,clouds,2.7
2022-09-23,22.4,,67.3,1002.8,clouds,3.1
2022-09-24,20,,51.6,1006.5,clouds,2.8
2022-09-25,20.3,0.1,64.6,1007.1,rain,2.2
2022-09-26,20.5,0.1,74.8,1007.3,rain,1.7
2022-09-27,21.6,0.1,76.3,1006.2,rain,2.1
2022-09-28,21.8,,77.3,1004.6,clouds,2.1
2022-09-29,22.6,,70.6,1005.2,clear,1.9
2022-09-30,22.1,,75.8,1006.9,clear,1.8
2022-10-01,23.4,,64.5,1008.3,clouds,1.8
2022-10-02,23.9,,77,1009.1,clouds,1.8
2022-10-03,24.2,2.9,89.1,1006.8,rain,6.7
2022-10-04,21.8,4.7,88.9,1003.8,rain,6.2
2022-10-05,18.3,0.1,75.9,1010,rain,3
2022-10-06,18.1,0.7,77.5,1009,rain,2
2022-10-07,17.2,0.1,71,1008.8,rain,2.8
2022-10-08,17.2,,61.9,1014.5,clouds,3.7
2022-10-09,17.3,1.4,75.5,1007.7,rain,2.7
2022-10-10,14.8,,55.9,1004.6,clouds,5.1
2022-10-11,14.7,,61.3,1010.7,clear,3
2022-10-12,17.1,,63,1016.1,clouds,2.5
2022-10-13,19,,62,1014.3,clouds,3.3
2022-10-14,19,,66.9,1010.2,clouds,2.9
2022-10-15,19.7,,68.9,1009.6,clouds,2.8
2022-10-16,20.4,,70.9,1008.1,clouds,2.4
2022-10-17,18.1,,50,1005.8,clear,4.3
2022-10-18,13.2,,40.8,1010.9,clear,4
2022-10-19,13,,41.5,1014.9,clear,2.8
2022-10-20,15.9,,44.3,1017.6,clear,2.3
2022-10-21,17.9,0.1,58.6,1014.7,rain,3.5
2022-10-22,19.2,0.1,61.8,1010.1,rain,3.2
2022-10-23,17,,62.5,1007.6,clouds,2.9
2022-10-24,13.8,,49.5,1009.7,clear,3.1
2022-10-25,13.7,,53.9,1017,clear,3.5
2022-10-26,15.9,,60.3,1017.4,clouds,2.3
2022-10-27,17.6,,59.5,1014.8,clear,1.6
2022-10-28,17.2,0.1,68.8,1015.8,rain,2.6
2022-10-29,15.7,,73,1016.9,clouds,2.7
2022-10-30,14.8,,72.8,1016.1,clouds,2.8
2022-10-31,15.9,,64.4,1014.3,clear,2.9
2022-11-01,17,,60.9,1011.1,clear,1.5
2022-11-02,16.7,,63.8,1010.2,clear,1.6
2022-11-03,16.4,,48,1007.8,clear,2.5
2022-11-04,11.6,,35,1010.1,clear,3.3
2022-11-05,10.6,,26.1,1013.6,clear,3.4
2022-11-06,12.2,,41.4,1014.6,clear,2.3
2022-11-07,14,,48.5,1013.3,clear,2.1
2022-11-08,15.4,,47.4,1014.9,clear,1.9
2022-11-09,15.2,,53,1015.2,clear,2.2
2022-11-10,16.9,,49.1,1014.9,clouds,2.4
2022-11-11,17.5,,69,1016.5,clear,2.8
2022-11-12,19.1,1.9,81.4,1009.7,rain,2.2
2022-11-13,17.8,24.8,76.6,1003.8,rain,4.4
2022-11-14,12.8,,67.4,1008,clouds,2.2
2022-11-15,11.3,,50.8,1007.1,clear,3.1
2022-11-16,12.8,,50.1,1010.7,clear,2.1
2022-11-17,12.8,,46,1013.9,clouds,2.8
2022-11-18,14.4,,61.3,1015.9,clear,2.8
2022-11-19,16.1,,65.5,1012.7,clouds,3.3
2022-11-20,15.3,0.1,70.6,1010.3,rain,2.3
2022-11-21,15.4,,66.1,1011.4,clouds,1.7
2022-11-22,14.6,10.9,76.9,1009.6,rain,2.1
2022-11-23,14.6,0.2,72.9,1005.8,rain,2.8
2022-11-24,12.9,,50.3,1010.7,clouds,2.3
2022-11-25,14.3,,65.4,1009.5,clouds,2.3
2022-11-26,15,,50.1,1006.6,clear,2.8
2022-11-27,13.6,,45.5,1011.1,clouds,2.4
2022-11-28,17.9,1.1,75.6,1007.7,rain,3.2
2022-11-29,14.9,22.4,72,1001.8,rain,4.6
2022-11-30,2.7,,29.3,1016.2,clouds,4.6
2022-12-01,0.7,,32.6,1019,clouds,3.1
2022-12-02,2.3,,40.4,1019.7,clouds,2.3
2022-12-03,7,,51.1,1015.7,clouds,2.2
2022-12-04,6.5,,32.1,1016.8,clouds,3.6
2022-12-05,3.5,,22.3,1015.5,clouds,3.9
2022-12-06,4.1,,40,1013.9,clear,3.7
2022-12-07,7.2,,44.6,1014.1,clouds,3.8
2022-12-08,7.8,,40.5,1015.5,clouds,2.3
2022-12-09,9.5,,42.5,1012.5,clouds,1.6
2022-12-10,9.3,,47.3,1008.8,clouds,2.5
2022-12-11,7.6,,40.8,1010.7,clear,4
2022-12-12,8,2,70.5,1009.5,rain,2.4
2022-12-13,6.4,,47.3,1008.1,clear,5.1
2022-12-14,-0.4,,41.8,1015.2,clear,3.7
2022-12-15,1.6,,48.9,1015.6,clear,3.5
2022-12-16,3.6,,32.1,1016.6,clouds,3.7
2022-12-17,0.4,,33.8,1013.1,clear,3.5
2022-12-18,-3.5,,35.9,1012.1,clear,3.1
2022-12-19,-0.6,,42.3,1016.3,clear,2.2
2022-12-20,3,,42,1015.9,clouds,2
2022-12-21,4.5,19.4,81.3,1002.4,rain,2.1
2022-12-22,0,0.1,49.1,997.8,snow,4.5
2022-12-23,-3.7,0.1,43.9,999.6,snow,7.3
2022-12-24,-2,,49.5,1006.5,clear,4.4
2022-12-25,1.7,,39.3,1010.3,clear,4.4
2022-12-26,2.9,,35.3,1013.5,clear,3.7
2022-12-27,3.8,,31.8,1016.5,clear,3.4
2022-12-28,2.9,,47.1,1018.2,clouds,2.9
2022-12-29,1.8,,46.1,1021.2,clear,2.7
2022-12-30,2.4,,52.5,1021,clear,2.4
2022-12-31,2.6,,50.3,1019.4,clear,3
